C:\Users\LQB\Desktop\new_data\bear\bear_1.jpg,bear
C:\Users\LQB\Desktop\new_data\bear\bear_10.jpg,bear
C:\Users\LQB\Desktop\new_data\bear\bear_11.jpg,bear
C:\Users\LQB\Desktop\new_data\bear\bear_12.jpg,bear
C:\Users\LQB\Desktop\new_data\bear\bear_13.jpg,bear
C:\Users\LQB\Desktop\new_data\bear\bear_14.jpg,bear
C:\Users\LQB\Desktop\new_data\bear\bear_15.jpg,bear
C:\Users\LQB\Desktop\new_data\bear\bear_16.jpg,bear
C:\Users\LQB\Desktop\new_data\bear\bear_17.jpg,bear
C:\Users\LQB\Desktop\new_data\bear\bear_18.jpg,bear
C:\Users\LQB\Desktop\new_data\bear\bear_19.jpg,bear
C:\Users\LQB\Desktop\new_data\bear\bear_2.jpg,bear
C:\Users\LQB\Desktop\new_data\bear\bear_20.jpg,bear
C:\Users\LQB\Desktop\new_data\bear\bear_21.jpg,bear
C:\Users\LQB\Desktop\new_data\bear\bear_22.jpg,bear
C:\Users\LQB\Desktop\new_data\bear\bear_23.jpg,bear
C:\Users\LQB\Desktop\new_data\bear\bear_24.jpg,bear
C:\Users\LQB\Desktop\new_data\bear\bear_25.jpg,bear
C:\Users\LQB\Desktop\new_data\bear\bear_26.jpg,bear
C:\Users\LQB\Desktop\new_data\bear\bear_27.jpg,bear
C:\Users\LQB\Desktop\new_data\bear\bear_28.jpg,bear
C:\Users\LQB\Desktop\new_data\bear\bear_29.jpg,bear
C:\Users\LQB\Desktop\new_data\bear\bear_3.jpg,bear
C:\Users\LQB\Desktop\new_data\bear\bear_30.jpg,bear
C:\Users\LQB\Desktop\new_data\bear\bear_31.jpg,bear
C:\Users\LQB\Desktop\new_data\bear\bear_32.jpg,bear
C:\Users\LQB\Desktop\new_data\bear\bear_35.jpg,bear
C:\Users\LQB\Desktop\new_data\bear\bear_36.jpg,bear
C:\Users\LQB\Desktop\new_data\bear\bear_37.jpg,bear
C:\Users\LQB\Desktop\new_data\bear\bear_38.jpg,bear
C:\Users\LQB\Desktop\new_data\bear\bear_4.jpg,bear
C:\Users\LQB\Desktop\new_data\bear\bear_41.jpg,bear
C:\Users\LQB\Desktop\new_data\bear\bear_42.jpg,bear
C:\Users\LQB\Desktop\new_data\bear\bear_45.jpg,bear
C:\Users\LQB\Desktop\new_data\bear\bear_48.jpg,bear
C:\Users\LQB\Desktop\new_data\bear\bear_49.jpg,bear
C:\Users\LQB\Desktop\new_data\bear\bear_5.jpg,bear
C:\Users\LQB\Desktop\new_data\bear\bear_51.jpg,bear
C:\Users\LQB\Desktop\new_data\bear\bear_52.jpg,bear
C:\Users\LQB\Desktop\new_data\bear\bear_53.jpg,bear
C:\Users\LQB\Desktop\new_data\bear\bear_54.jpg,bear
C:\Users\LQB\Desktop\new_data\bear\bear_56.jpg,bear
C:\Users\LQB\Desktop\new_data\bear\bear_6.jpg,bear
C:\Users\LQB\Desktop\new_data\bear\bear_61.jpg,bear
C:\Users\LQB\Desktop\new_data\bear\bear_65.jpg,bear
C:\Users\LQB\Desktop\new_data\bear\bear_66.jpg,bear
C:\Users\LQB\Desktop\new_data\bear\bear_67.jpg,bear
C:\Users\LQB\Desktop\new_data\bear\bear_68.jpg,bear
C:\Users\LQB\Desktop\new_data\bear\bear_69.jpg,bear
C:\Users\LQB\Desktop\new_data\bear\bear_7.jpg,bear
C:\Users\LQB\Desktop\new_data\bear\bear_70.jpg,bear
C:\Users\LQB\Desktop\new_data\bear\bear_71.jpg,bear
C:\Users\LQB\Desktop\new_data\bear\bear_76.jpg,bear
C:\Users\LQB\Desktop\new_data\bear\bear_78.jpg,bear
C:\Users\LQB\Desktop\new_data\bear\bear_8.jpg,bear
C:\Users\LQB\Desktop\new_data\bear\bear_80.jpg,bear
C:\Users\LQB\Desktop\new_data\bear\bear_81.jpg,bear
C:\Users\LQB\Desktop\new_data\bear\bear_82.jpg,bear
C:\Users\LQB\Desktop\new_data\bear\bear_83.jpg,bear
C:\Users\LQB\Desktop\new_data\bear\bear_84.jpg,bear
C:\Users\LQB\Desktop\new_data\bear\bear_85.jpg,bear
C:\Users\LQB\Desktop\new_data\bear\bear_86.jpg,bear
C:\Users\LQB\Desktop\new_data\bear\bear_87.jpg,bear
C:\Users\LQB\Desktop\new_data\bear\bear_89.jpg,bear
C:\Users\LQB\Desktop\new_data\bear\bear_9.jpg,bear
C:\Users\LQB\Desktop\new_data\bear\bear_90.jpg,bear
C:\Users\LQB\Desktop\new_data\bicycle\bicycle_10.jpg,bicycle
C:\Users\LQB\Desktop\new_data\bicycle\bicycle_11.jpg,bicycle
C:\Users\LQB\Desktop\new_data\bicycle\bicycle_12.jpg,bicycle
C:\Users\LQB\Desktop\new_data\bicycle\bicycle_13.jpg,bicycle
C:\Users\LQB\Desktop\new_data\bicycle\bicycle_14.jpg,bicycle
C:\Users\LQB\Desktop\new_data\bicycle\bicycle_15.jpg,bicycle
C:\Users\LQB\Desktop\new_data\bicycle\bicycle_17.jpg,bicycle
C:\Users\LQB\Desktop\new_data\bicycle\bicycle_18.jpg,bicycle
C:\Users\LQB\Desktop\new_data\bicycle\bicycle_19.jpg,bicycle
C:\Users\LQB\Desktop\new_data\bicycle\bicycle_2.jpg,bicycle
C:\Users\LQB\Desktop\new_data\bicycle\bicycle_20.jpg,bicycle
C:\Users\LQB\Desktop\new_data\bicycle\bicycle_21.jpg,bicycle
C:\Users\LQB\Desktop\new_data\bicycle\bicycle_22.jpg,bicycle
C:\Users\LQB\Desktop\new_data\bicycle\bicycle_23.jpg,bicycle
C:\Users\LQB\Desktop\new_data\bicycle\bicycle_24.jpg,bicycle
C:\Users\LQB\Desktop\new_data\bicycle\bicycle_25.jpg,bicycle
C:\Users\LQB\Desktop\new_data\bicycle\bicycle_26.jpg,bicycle
C:\Users\LQB\Desktop\new_data\bicycle\bicycle_27.jpg,bicycle
C:\Users\LQB\Desktop\new_data\bicycle\bicycle_28.jpg,bicycle
C:\Users\LQB\Desktop\new_data\bicycle\bicycle_29.jpg,bicycle
C:\Users\LQB\Desktop\new_data\bicycle\bicycle_3.jpg,bicycle
C:\Users\LQB\Desktop\new_data\bicycle\bicycle_30.jpg,bicycle
C:\Users\LQB\Desktop\new_data\bicycle\bicycle_32.jpg,bicycle
C:\Users\LQB\Desktop\new_data\bicycle\bicycle_33.jpg,bicycle
C:\Users\LQB\Desktop\new_data\bicycle\bicycle_34.jpg,bicycle
C:\Users\LQB\Desktop\new_data\bicycle\bicycle_35.jpg,bicycle
C:\Users\LQB\Desktop\new_data\bicycle\bicycle_36.jpg,bicycle
C:\Users\LQB\Desktop\new_data\bicycle\bicycle_37.jpg,bicycle
C:\Users\LQB\Desktop\new_data\bicycle\bicycle_38.jpg,bicycle
C:\Users\LQB\Desktop\new_data\bicycle\bicycle_39.jpg,bicycle
C:\Users\LQB\Desktop\new_data\bicycle\bicycle_4.jpg,bicycle
C:\Users\LQB\Desktop\new_data\bicycle\bicycle_40.jpg,bicycle
C:\Users\LQB\Desktop\new_data\bicycle\bicycle_41.jpg,bicycle
C:\Users\LQB\Desktop\new_data\bicycle\bicycle_42.jpg,bicycle
C:\Users\LQB\Desktop\new_data\bicycle\bicycle_43.jpg,bicycle
C:\Users\LQB\Desktop\new_data\bicycle\bicycle_44.jpg,bicycle
C:\Users\LQB\Desktop\new_data\bicycle\bicycle_45.jpg,bicycle
C:\Users\LQB\Desktop\new_data\bicycle\bicycle_46.jpg,bicycle
C:\Users\LQB\Desktop\new_data\bicycle\bicycle_47.jpg,bicycle
C:\Users\LQB\Desktop\new_data\bicycle\bicycle_48.jpg,bicycle
C:\Users\LQB\Desktop\new_data\bicycle\bicycle_49.jpg,bicycle
C:\Users\LQB\Desktop\new_data\bicycle\bicycle_5.jpg,bicycle
C:\Users\LQB\Desktop\new_data\bicycle\bicycle_50.jpg,bicycle
C:\Users\LQB\Desktop\new_data\bicycle\bicycle_51.jpg,bicycle
C:\Users\LQB\Desktop\new_data\bicycle\bicycle_52.jpg,bicycle
C:\Users\LQB\Desktop\new_data\bicycle\bicycle_53.jpg,bicycle
C:\Users\LQB\Desktop\new_data\bicycle\bicycle_54.jpg,bicycle
C:\Users\LQB\Desktop\new_data\bicycle\bicycle_55.jpg,bicycle
C:\Users\LQB\Desktop\new_data\bicycle\bicycle_56.jpg,bicycle
C:\Users\LQB\Desktop\new_data\bicycle\bicycle_57.jpg,bicycle
C:\Users\LQB\Desktop\new_data\bicycle\bicycle_58.jpg,bicycle
C:\Users\LQB\Desktop\new_data\bicycle\bicycle_6.jpg,bicycle
C:\Users\LQB\Desktop\new_data\bicycle\bicycle_60.jpg,bicycle
C:\Users\LQB\Desktop\new_data\bicycle\bicycle_61.jpg,bicycle
C:\Users\LQB\Desktop\new_data\bicycle\bicycle_62.jpg,bicycle
C:\Users\LQB\Desktop\new_data\bicycle\bicycle_63.jpg,bicycle
C:\Users\LQB\Desktop\new_data\bicycle\bicycle_64.jpg,bicycle
C:\Users\LQB\Desktop\new_data\bicycle\bicycle_65.jpg,bicycle
C:\Users\LQB\Desktop\new_data\bicycle\bicycle_66.jpg,bicycle
C:\Users\LQB\Desktop\new_data\bicycle\bicycle_67.jpg,bicycle
C:\Users\LQB\Desktop\new_data\bicycle\bicycle_68.jpg,bicycle
C:\Users\LQB\Desktop\new_data\bicycle\bicycle_69.jpg,bicycle
C:\Users\LQB\Desktop\new_data\bicycle\bicycle_7.jpg,bicycle
C:\Users\LQB\Desktop\new_data\bicycle\bicycle_70.jpg,bicycle
C:\Users\LQB\Desktop\new_data\bicycle\bicycle_71.jpg,bicycle
C:\Users\LQB\Desktop\new_data\bicycle\bicycle_72.jpg,bicycle
C:\Users\LQB\Desktop\new_data\bicycle\bicycle_74.jpg,bicycle
C:\Users\LQB\Desktop\new_data\bicycle\bicycle_75.jpg,bicycle
C:\Users\LQB\Desktop\new_data\bicycle\bicycle_76.jpg,bicycle
C:\Users\LQB\Desktop\new_data\bicycle\bicycle_77.jpg,bicycle
C:\Users\LQB\Desktop\new_data\bicycle\bicycle_78.jpg,bicycle
C:\Users\LQB\Desktop\new_data\bicycle\bicycle_79.jpg,bicycle
C:\Users\LQB\Desktop\new_data\bicycle\bicycle_8.jpg,bicycle
C:\Users\LQB\Desktop\new_data\bicycle\bicycle_80.jpg,bicycle
C:\Users\LQB\Desktop\new_data\bicycle\bicycle_81.jpg,bicycle
C:\Users\LQB\Desktop\new_data\bicycle\bicycle_82.jpg,bicycle
C:\Users\LQB\Desktop\new_data\bicycle\bicycle_83.jpg,bicycle
C:\Users\LQB\Desktop\new_data\bicycle\bicycle_84.jpg,bicycle
C:\Users\LQB\Desktop\new_data\bicycle\bicycle_85.jpg,bicycle
C:\Users\LQB\Desktop\new_data\bicycle\bicycle_86.jpg,bicycle
C:\Users\LQB\Desktop\new_data\bicycle\bicycle_87.jpg,bicycle
C:\Users\LQB\Desktop\new_data\bicycle\bicycle_88.jpg,bicycle
C:\Users\LQB\Desktop\new_data\bicycle\bicycle_89.jpg,bicycle
C:\Users\LQB\Desktop\new_data\bicycle\bicycle_9.jpg,bicycle
C:\Users\LQB\Desktop\new_data\bicycle\bicycle_90.jpg,bicycle
C:\Users\LQB\Desktop\new_data\bird\bird_1.jpg,bird
C:\Users\LQB\Desktop\new_data\bird\bird_10.jpg,bird
C:\Users\LQB\Desktop\new_data\bird\bird_11.jpg,bird
C:\Users\LQB\Desktop\new_data\bird\bird_12.jpg,bird
C:\Users\LQB\Desktop\new_data\bird\bird_13.jpg,bird
C:\Users\LQB\Desktop\new_data\bird\bird_15.jpg,bird
C:\Users\LQB\Desktop\new_data\bird\bird_16.jpg,bird
C:\Users\LQB\Desktop\new_data\bird\bird_17.jpg,bird
C:\Users\LQB\Desktop\new_data\bird\bird_18.jpg,bird
C:\Users\LQB\Desktop\new_data\bird\bird_19.jpg,bird
C:\Users\LQB\Desktop\new_data\bird\bird_2.jpg,bird
C:\Users\LQB\Desktop\new_data\bird\bird_20.jpg,bird
C:\Users\LQB\Desktop\new_data\bird\bird_21.jpg,bird
C:\Users\LQB\Desktop\new_data\bird\bird_22.jpg,bird
C:\Users\LQB\Desktop\new_data\bird\bird_23.jpg,bird
C:\Users\LQB\Desktop\new_data\bird\bird_24.jpg,bird
C:\Users\LQB\Desktop\new_data\bird\bird_25.jpg,bird
C:\Users\LQB\Desktop\new_data\bird\bird_26.jpg,bird
C:\Users\LQB\Desktop\new_data\bird\bird_27.jpg,bird
C:\Users\LQB\Desktop\new_data\bird\bird_28.jpg,bird
C:\Users\LQB\Desktop\new_data\bird\bird_3.jpg,bird
C:\Users\LQB\Desktop\new_data\bird\bird_30.jpg,bird
C:\Users\LQB\Desktop\new_data\bird\bird_31.jpg,bird
C:\Users\LQB\Desktop\new_data\bird\bird_32.jpg,bird
C:\Users\LQB\Desktop\new_data\bird\bird_33.jpg,bird
C:\Users\LQB\Desktop\new_data\bird\bird_34.jpg,bird
C:\Users\LQB\Desktop\new_data\bird\bird_35.jpg,bird
C:\Users\LQB\Desktop\new_data\bird\bird_36.jpg,bird
C:\Users\LQB\Desktop\new_data\bird\bird_37.jpg,bird
C:\Users\LQB\Desktop\new_data\bird\bird_38.jpg,bird
C:\Users\LQB\Desktop\new_data\bird\bird_39.jpg,bird
C:\Users\LQB\Desktop\new_data\bird\bird_4.jpg,bird
C:\Users\LQB\Desktop\new_data\bird\bird_40.jpg,bird
C:\Users\LQB\Desktop\new_data\bird\bird_41.jpg,bird
C:\Users\LQB\Desktop\new_data\bird\bird_42.jpg,bird
C:\Users\LQB\Desktop\new_data\bird\bird_43.jpg,bird
C:\Users\LQB\Desktop\new_data\bird\bird_44.jpg,bird
C:\Users\LQB\Desktop\new_data\bird\bird_45.jpg,bird
C:\Users\LQB\Desktop\new_data\bird\bird_46.jpg,bird
C:\Users\LQB\Desktop\new_data\bird\bird_47.jpg,bird
C:\Users\LQB\Desktop\new_data\bird\bird_48.jpg,bird
C:\Users\LQB\Desktop\new_data\bird\bird_49.jpg,bird
C:\Users\LQB\Desktop\new_data\bird\bird_5.jpg,bird
C:\Users\LQB\Desktop\new_data\bird\bird_50.jpg,bird
C:\Users\LQB\Desktop\new_data\bird\bird_51.jpg,bird
C:\Users\LQB\Desktop\new_data\bird\bird_52.jpg,bird
C:\Users\LQB\Desktop\new_data\bird\bird_53.jpg,bird
C:\Users\LQB\Desktop\new_data\bird\bird_54.jpg,bird
C:\Users\LQB\Desktop\new_data\bird\bird_55.jpg,bird
C:\Users\LQB\Desktop\new_data\bird\bird_56.jpg,bird
C:\Users\LQB\Desktop\new_data\bird\bird_57.jpg,bird
C:\Users\LQB\Desktop\new_data\bird\bird_58.jpg,bird
C:\Users\LQB\Desktop\new_data\bird\bird_59.jpg,bird
C:\Users\LQB\Desktop\new_data\bird\bird_6.jpg,bird
C:\Users\LQB\Desktop\new_data\bird\bird_60.jpg,bird
C:\Users\LQB\Desktop\new_data\bird\bird_61.jpg,bird
C:\Users\LQB\Desktop\new_data\bird\bird_62.jpg,bird
C:\Users\LQB\Desktop\new_data\bird\bird_63.jpg,bird
C:\Users\LQB\Desktop\new_data\bird\bird_64.jpg,bird
C:\Users\LQB\Desktop\new_data\bird\bird_65.jpg,bird
C:\Users\LQB\Desktop\new_data\bird\bird_66.jpg,bird
C:\Users\LQB\Desktop\new_data\bird\bird_67.jpg,bird
C:\Users\LQB\Desktop\new_data\bird\bird_68.jpg,bird
C:\Users\LQB\Desktop\new_data\bird\bird_69.jpg,bird
C:\Users\LQB\Desktop\new_data\bird\bird_7.jpg,bird
C:\Users\LQB\Desktop\new_data\bird\bird_70.jpg,bird
C:\Users\LQB\Desktop\new_data\bird\bird_71.jpg,bird
C:\Users\LQB\Desktop\new_data\bird\bird_72.jpg,bird
C:\Users\LQB\Desktop\new_data\bird\bird_73.jpg,bird
C:\Users\LQB\Desktop\new_data\bird\bird_75.jpg,bird
C:\Users\LQB\Desktop\new_data\bird\bird_76.jpg,bird
C:\Users\LQB\Desktop\new_data\bird\bird_77.jpg,bird
C:\Users\LQB\Desktop\new_data\bird\bird_78.jpg,bird
C:\Users\LQB\Desktop\new_data\bird\bird_8.jpg,bird
C:\Users\LQB\Desktop\new_data\bird\bird_80.jpg,bird
C:\Users\LQB\Desktop\new_data\bird\bird_81.jpg,bird
C:\Users\LQB\Desktop\new_data\bird\bird_82.jpg,bird
C:\Users\LQB\Desktop\new_data\bird\bird_83.jpg,bird
C:\Users\LQB\Desktop\new_data\bird\bird_84.jpg,bird
C:\Users\LQB\Desktop\new_data\bird\bird_85.jpg,bird
C:\Users\LQB\Desktop\new_data\bird\bird_86.jpg,bird
C:\Users\LQB\Desktop\new_data\bird\bird_87.jpg,bird
C:\Users\LQB\Desktop\new_data\bird\bird_88.jpg,bird
C:\Users\LQB\Desktop\new_data\bird\bird_89.jpg,bird
C:\Users\LQB\Desktop\new_data\bird\bird_9.jpg,bird
C:\Users\LQB\Desktop\new_data\bird\bird_90.jpg,bird
C:\Users\LQB\Desktop\new_data\car\car_1.jpg,car
C:\Users\LQB\Desktop\new_data\car\car_13.jpg,car
C:\Users\LQB\Desktop\new_data\car\car_14.jpg,car
C:\Users\LQB\Desktop\new_data\car\car_15.jpg,car
C:\Users\LQB\Desktop\new_data\car\car_16.jpg,car
C:\Users\LQB\Desktop\new_data\car\car_18.jpg,car
C:\Users\LQB\Desktop\new_data\car\car_19.jpg,car
C:\Users\LQB\Desktop\new_data\car\car_21.jpg,car
C:\Users\LQB\Desktop\new_data\car\car_22.jpg,car
C:\Users\LQB\Desktop\new_data\car\car_23.jpg,car
C:\Users\LQB\Desktop\new_data\car\car_24.jpg,car
C:\Users\LQB\Desktop\new_data\car\car_27.jpg,car
C:\Users\LQB\Desktop\new_data\car\car_29.jpg,car
C:\Users\LQB\Desktop\new_data\car\car_3.jpg,car
C:\Users\LQB\Desktop\new_data\car\car_30.jpg,car
C:\Users\LQB\Desktop\new_data\car\car_31.jpg,car
C:\Users\LQB\Desktop\new_data\car\car_32.jpg,car
C:\Users\LQB\Desktop\new_data\car\car_34.jpg,car
C:\Users\LQB\Desktop\new_data\car\car_36.jpg,car
C:\Users\LQB\Desktop\new_data\car\car_38.jpg,car
C:\Users\LQB\Desktop\new_data\car\car_39.jpg,car
C:\Users\LQB\Desktop\new_data\car\car_4.jpg,car
C:\Users\LQB\Desktop\new_data\car\car_40.jpg,car
C:\Users\LQB\Desktop\new_data\car\car_41.jpg,car
C:\Users\LQB\Desktop\new_data\car\car_43.jpg,car
C:\Users\LQB\Desktop\new_data\car\car_47.jpg,car
C:\Users\LQB\Desktop\new_data\car\car_48.jpg,car
C:\Users\LQB\Desktop\new_data\car\car_49.jpg,car
C:\Users\LQB\Desktop\new_data\car\car_5.jpg,car
C:\Users\LQB\Desktop\new_data\car\car_50.jpg,car
C:\Users\LQB\Desktop\new_data\car\car_51.jpg,car
C:\Users\LQB\Desktop\new_data\car\car_52.jpg,car
C:\Users\LQB\Desktop\new_data\car\car_53.jpg,car
C:\Users\LQB\Desktop\new_data\car\car_54.jpg,car
C:\Users\LQB\Desktop\new_data\car\car_55.jpg,car
C:\Users\LQB\Desktop\new_data\car\car_56.jpg,car
C:\Users\LQB\Desktop\new_data\car\car_59.jpg,car
C:\Users\LQB\Desktop\new_data\car\car_6.jpg,car
C:\Users\LQB\Desktop\new_data\car\car_60.jpg,car
C:\Users\LQB\Desktop\new_data\car\car_61.jpg,car
C:\Users\LQB\Desktop\new_data\car\car_62.jpg,car
C:\Users\LQB\Desktop\new_data\car\car_63.jpg,car
C:\Users\LQB\Desktop\new_data\car\car_64.jpg,car
C:\Users\LQB\Desktop\new_data\car\car_65.jpg,car
C:\Users\LQB\Desktop\new_data\car\car_66.jpg,car
C:\Users\LQB\Desktop\new_data\car\car_67.jpg,car
C:\Users\LQB\Desktop\new_data\car\car_68.jpg,car
C:\Users\LQB\Desktop\new_data\car\car_69.jpg,car
C:\Users\LQB\Desktop\new_data\car\car_7.jpg,car
C:\Users\LQB\Desktop\new_data\car\car_70.jpg,car
C:\Users\LQB\Desktop\new_data\car\car_71.jpg,car
C:\Users\LQB\Desktop\new_data\car\car_72.jpg,car
C:\Users\LQB\Desktop\new_data\car\car_73.jpg,car
C:\Users\LQB\Desktop\new_data\car\car_74.jpg,car
C:\Users\LQB\Desktop\new_data\car\car_75.jpg,car
C:\Users\LQB\Desktop\new_data\car\car_76.jpg,car
C:\Users\LQB\Desktop\new_data\car\car_77.jpg,car
C:\Users\LQB\Desktop\new_data\car\car_78.jpg,car
C:\Users\LQB\Desktop\new_data\car\car_79.jpg,car
C:\Users\LQB\Desktop\new_data\car\car_80.jpg,car
C:\Users\LQB\Desktop\new_data\car\car_81.jpg,car
C:\Users\LQB\Desktop\new_data\car\car_82.jpg,car
C:\Users\LQB\Desktop\new_data\car\car_83.jpg,car
C:\Users\LQB\Desktop\new_data\car\car_84.jpg,car
C:\Users\LQB\Desktop\new_data\car\car_85.jpg,car
C:\Users\LQB\Desktop\new_data\car\car_86.jpg,car
C:\Users\LQB\Desktop\new_data\car\car_87.jpg,car
C:\Users\LQB\Desktop\new_data\car\car_88.jpg,car
C:\Users\LQB\Desktop\new_data\car\car_89.jpg,car
C:\Users\LQB\Desktop\new_data\car\car_9.jpg,car
C:\Users\LQB\Desktop\new_data\cow\cow_1.jpg,cow
C:\Users\LQB\Desktop\new_data\cow\cow_10.jpg,cow
C:\Users\LQB\Desktop\new_data\cow\cow_11.jpg,cow
C:\Users\LQB\Desktop\new_data\cow\cow_12.jpg,cow
C:\Users\LQB\Desktop\new_data\cow\cow_14.jpg,cow
C:\Users\LQB\Desktop\new_data\cow\cow_15.jpg,cow
C:\Users\LQB\Desktop\new_data\cow\cow_16.jpg,cow
C:\Users\LQB\Desktop\new_data\cow\cow_18.jpg,cow
C:\Users\LQB\Desktop\new_data\cow\cow_19.jpg,cow
C:\Users\LQB\Desktop\new_data\cow\cow_2.jpg,cow
C:\Users\LQB\Desktop\new_data\cow\cow_20.jpg,cow
C:\Users\LQB\Desktop\new_data\cow\cow_21.jpg,cow
C:\Users\LQB\Desktop\new_data\cow\cow_22.jpg,cow
C:\Users\LQB\Desktop\new_data\cow\cow_23.jpg,cow
C:\Users\LQB\Desktop\new_data\cow\cow_24.jpg,cow
C:\Users\LQB\Desktop\new_data\cow\cow_25.jpg,cow
C:\Users\LQB\Desktop\new_data\cow\cow_26.jpg,cow
C:\Users\LQB\Desktop\new_data\cow\cow_27.jpg,cow
C:\Users\LQB\Desktop\new_data\cow\cow_28.jpg,cow
C:\Users\LQB\Desktop\new_data\cow\cow_29.jpg,cow
C:\Users\LQB\Desktop\new_data\cow\cow_3.jpg,cow
C:\Users\LQB\Desktop\new_data\cow\cow_30.jpg,cow
C:\Users\LQB\Desktop\new_data\cow\cow_31.jpg,cow
C:\Users\LQB\Desktop\new_data\cow\cow_32.jpg,cow
C:\Users\LQB\Desktop\new_data\cow\cow_34.jpg,cow
C:\Users\LQB\Desktop\new_data\cow\cow_35.jpg,cow
C:\Users\LQB\Desktop\new_data\cow\cow_36.jpg,cow
C:\Users\LQB\Desktop\new_data\cow\cow_37.jpg,cow
C:\Users\LQB\Desktop\new_data\cow\cow_38.jpg,cow
C:\Users\LQB\Desktop\new_data\cow\cow_39.jpg,cow
C:\Users\LQB\Desktop\new_data\cow\cow_4.jpg,cow
C:\Users\LQB\Desktop\new_data\cow\cow_40.jpg,cow
C:\Users\LQB\Desktop\new_data\cow\cow_41.jpg,cow
C:\Users\LQB\Desktop\new_data\cow\cow_42.jpg,cow
C:\Users\LQB\Desktop\new_data\cow\cow_43.jpg,cow
C:\Users\LQB\Desktop\new_data\cow\cow_44.jpg,cow
C:\Users\LQB\Desktop\new_data\cow\cow_46.jpg,cow
C:\Users\LQB\Desktop\new_data\cow\cow_47.jpg,cow
C:\Users\LQB\Desktop\new_data\cow\cow_48.jpg,cow
C:\Users\LQB\Desktop\new_data\cow\cow_49.jpg,cow
C:\Users\LQB\Desktop\new_data\cow\cow_51.jpg,cow
C:\Users\LQB\Desktop\new_data\cow\cow_52.jpg,cow
C:\Users\LQB\Desktop\new_data\cow\cow_53.jpg,cow
C:\Users\LQB\Desktop\new_data\cow\cow_54.jpg,cow
C:\Users\LQB\Desktop\new_data\cow\cow_55.jpg,cow
C:\Users\LQB\Desktop\new_data\cow\cow_57.jpg,cow
C:\Users\LQB\Desktop\new_data\cow\cow_58.jpg,cow
C:\Users\LQB\Desktop\new_data\cow\cow_59.jpg,cow
C:\Users\LQB\Desktop\new_data\cow\cow_6.jpg,cow
C:\Users\LQB\Desktop\new_data\cow\cow_60.jpg,cow
C:\Users\LQB\Desktop\new_data\cow\cow_61.jpg,cow
C:\Users\LQB\Desktop\new_data\cow\cow_62.jpg,cow
C:\Users\LQB\Desktop\new_data\cow\cow_63.jpg,cow
C:\Users\LQB\Desktop\new_data\cow\cow_64.jpg,cow
C:\Users\LQB\Desktop\new_data\cow\cow_65.jpg,cow
C:\Users\LQB\Desktop\new_data\cow\cow_66.jpg,cow
C:\Users\LQB\Desktop\new_data\cow\cow_67.jpg,cow
C:\Users\LQB\Desktop\new_data\cow\cow_69.jpg,cow
C:\Users\LQB\Desktop\new_data\cow\cow_7.jpg,cow
C:\Users\LQB\Desktop\new_data\cow\cow_70.jpg,cow
C:\Users\LQB\Desktop\new_data\cow\cow_71.jpg,cow
C:\Users\LQB\Desktop\new_data\cow\cow_72.jpg,cow
C:\Users\LQB\Desktop\new_data\cow\cow_73.jpg,cow
C:\Users\LQB\Desktop\new_data\cow\cow_74.jpg,cow
C:\Users\LQB\Desktop\new_data\cow\cow_75.jpg,cow
C:\Users\LQB\Desktop\new_data\cow\cow_76.jpg,cow
C:\Users\LQB\Desktop\new_data\cow\cow_77.jpg,cow
C:\Users\LQB\Desktop\new_data\cow\cow_78.jpg,cow
C:\Users\LQB\Desktop\new_data\cow\cow_79.jpg,cow
C:\Users\LQB\Desktop\new_data\cow\cow_8.jpg,cow
C:\Users\LQB\Desktop\new_data\cow\cow_80.jpg,cow
C:\Users\LQB\Desktop\new_data\cow\cow_81.jpg,cow
C:\Users\LQB\Desktop\new_data\cow\cow_82.jpg,cow
C:\Users\LQB\Desktop\new_data\cow\cow_83.jpg,cow
C:\Users\LQB\Desktop\new_data\cow\cow_84.jpg,cow
C:\Users\LQB\Desktop\new_data\cow\cow_85.jpg,cow
C:\Users\LQB\Desktop\new_data\cow\cow_86.jpg,cow
C:\Users\LQB\Desktop\new_data\cow\cow_87.jpg,cow
C:\Users\LQB\Desktop\new_data\cow\cow_88.jpg,cow
C:\Users\LQB\Desktop\new_data\cow\cow_89.jpg,cow
C:\Users\LQB\Desktop\new_data\cow\cow_90.jpg,cow
C:\Users\LQB\Desktop\new_data\elk\elk_1.jpg,elk
C:\Users\LQB\Desktop\new_data\elk\elk_10.jpg,elk
C:\Users\LQB\Desktop\new_data\elk\elk_11.jpg,elk
C:\Users\LQB\Desktop\new_data\elk\elk_12.jpg,elk
C:\Users\LQB\Desktop\new_data\elk\elk_13.jpg,elk
C:\Users\LQB\Desktop\new_data\elk\elk_14.jpg,elk
C:\Users\LQB\Desktop\new_data\elk\elk_15.jpg,elk
C:\Users\LQB\Desktop\new_data\elk\elk_16.jpg,elk
C:\Users\LQB\Desktop\new_data\elk\elk_17.jpg,elk
C:\Users\LQB\Desktop\new_data\elk\elk_18.jpg,elk
C:\Users\LQB\Desktop\new_data\elk\elk_19.jpg,elk
C:\Users\LQB\Desktop\new_data\elk\elk_2.jpg,elk
C:\Users\LQB\Desktop\new_data\elk\elk_20.jpg,elk
C:\Users\LQB\Desktop\new_data\elk\elk_21.jpg,elk
C:\Users\LQB\Desktop\new_data\elk\elk_22.jpg,elk
C:\Users\LQB\Desktop\new_data\elk\elk_23.jpg,elk
C:\Users\LQB\Desktop\new_data\elk\elk_24.jpg,elk
C:\Users\LQB\Desktop\new_data\elk\elk_25.jpg,elk
C:\Users\LQB\Desktop\new_data\elk\elk_26.jpg,elk
C:\Users\LQB\Desktop\new_data\elk\elk_27.jpg,elk
C:\Users\LQB\Desktop\new_data\elk\elk_28.jpg,elk
C:\Users\LQB\Desktop\new_data\elk\elk_3.jpg,elk
C:\Users\LQB\Desktop\new_data\elk\elk_30.jpg,elk
C:\Users\LQB\Desktop\new_data\elk\elk_31.jpg,elk
C:\Users\LQB\Desktop\new_data\elk\elk_32.jpg,elk
C:\Users\LQB\Desktop\new_data\elk\elk_33.jpg,elk
C:\Users\LQB\Desktop\new_data\elk\elk_36.jpg,elk
C:\Users\LQB\Desktop\new_data\elk\elk_37.jpg,elk
C:\Users\LQB\Desktop\new_data\elk\elk_38.jpg,elk
C:\Users\LQB\Desktop\new_data\elk\elk_39.jpg,elk
C:\Users\LQB\Desktop\new_data\elk\elk_41.jpg,elk
C:\Users\LQB\Desktop\new_data\elk\elk_42.jpg,elk
C:\Users\LQB\Desktop\new_data\elk\elk_43.jpg,elk
C:\Users\LQB\Desktop\new_data\elk\elk_44.jpg,elk
C:\Users\LQB\Desktop\new_data\elk\elk_45.jpg,elk
C:\Users\LQB\Desktop\new_data\elk\elk_46.jpg,elk
C:\Users\LQB\Desktop\new_data\elk\elk_47.jpg,elk
C:\Users\LQB\Desktop\new_data\elk\elk_48.jpg,elk
C:\Users\LQB\Desktop\new_data\elk\elk_49.jpg,elk
C:\Users\LQB\Desktop\new_data\elk\elk_5.jpg,elk
C:\Users\LQB\Desktop\new_data\elk\elk_50.jpg,elk
C:\Users\LQB\Desktop\new_data\elk\elk_51.jpg,elk
C:\Users\LQB\Desktop\new_data\elk\elk_53.jpg,elk
C:\Users\LQB\Desktop\new_data\elk\elk_54.jpg,elk
C:\Users\LQB\Desktop\new_data\elk\elk_55.jpg,elk
C:\Users\LQB\Desktop\new_data\elk\elk_56.jpg,elk
C:\Users\LQB\Desktop\new_data\elk\elk_57.jpg,elk
C:\Users\LQB\Desktop\new_data\elk\elk_59.jpg,elk
C:\Users\LQB\Desktop\new_data\elk\elk_6.jpg,elk
C:\Users\LQB\Desktop\new_data\elk\elk_60.jpg,elk
C:\Users\LQB\Desktop\new_data\elk\elk_61.jpg,elk
C:\Users\LQB\Desktop\new_data\elk\elk_62.jpg,elk
C:\Users\LQB\Desktop\new_data\elk\elk_63.jpg,elk
C:\Users\LQB\Desktop\new_data\elk\elk_64.jpg,elk
C:\Users\LQB\Desktop\new_data\elk\elk_65.jpg,elk
C:\Users\LQB\Desktop\new_data\elk\elk_66.jpg,elk
C:\Users\LQB\Desktop\new_data\elk\elk_67.jpg,elk
C:\Users\LQB\Desktop\new_data\elk\elk_68.jpg,elk
C:\Users\LQB\Desktop\new_data\elk\elk_69.jpg,elk
C:\Users\LQB\Desktop\new_data\elk\elk_7.jpg,elk
C:\Users\LQB\Desktop\new_data\elk\elk_70.jpg,elk
C:\Users\LQB\Desktop\new_data\elk\elk_72.jpg,elk
C:\Users\LQB\Desktop\new_data\elk\elk_73.jpg,elk
C:\Users\LQB\Desktop\new_data\elk\elk_74.jpg,elk
C:\Users\LQB\Desktop\new_data\elk\elk_75.jpg,elk
C:\Users\LQB\Desktop\new_data\elk\elk_76.jpg,elk
C:\Users\LQB\Desktop\new_data\elk\elk_78.jpg,elk
C:\Users\LQB\Desktop\new_data\elk\elk_79.jpg,elk
C:\Users\LQB\Desktop\new_data\elk\elk_8.jpg,elk
C:\Users\LQB\Desktop\new_data\elk\elk_81.jpg,elk
C:\Users\LQB\Desktop\new_data\elk\elk_83.jpg,elk
C:\Users\LQB\Desktop\new_data\elk\elk_85.jpg,elk
C:\Users\LQB\Desktop\new_data\elk\elk_86.jpg,elk
C:\Users\LQB\Desktop\new_data\elk\elk_88.jpg,elk
C:\Users\LQB\Desktop\new_data\elk\elk_9.jpg,elk
C:\Users\LQB\Desktop\new_data\elk\elk_90.jpg,elk
C:\Users\LQB\Desktop\new_data\fox\fox_1.jpg,fox
C:\Users\LQB\Desktop\new_data\fox\fox_10.jpg,fox
C:\Users\LQB\Desktop\new_data\fox\fox_11.jpg,fox
C:\Users\LQB\Desktop\new_data\fox\fox_12.jpg,fox
C:\Users\LQB\Desktop\new_data\fox\fox_13.jpg,fox
C:\Users\LQB\Desktop\new_data\fox\fox_14.jpg,fox
C:\Users\LQB\Desktop\new_data\fox\fox_15.jpg,fox
C:\Users\LQB\Desktop\new_data\fox\fox_16.jpg,fox
C:\Users\LQB\Desktop\new_data\fox\fox_17.jpg,fox
C:\Users\LQB\Desktop\new_data\fox\fox_18.jpg,fox
C:\Users\LQB\Desktop\new_data\fox\fox_19.jpg,fox
C:\Users\LQB\Desktop\new_data\fox\fox_2.jpg,fox
C:\Users\LQB\Desktop\new_data\fox\fox_20.jpg,fox
C:\Users\LQB\Desktop\new_data\fox\fox_22.jpg,fox
C:\Users\LQB\Desktop\new_data\fox\fox_24.jpg,fox
C:\Users\LQB\Desktop\new_data\fox\fox_25.jpg,fox
C:\Users\LQB\Desktop\new_data\fox\fox_27.jpg,fox
C:\Users\LQB\Desktop\new_data\fox\fox_28.jpg,fox
C:\Users\LQB\Desktop\new_data\fox\fox_29.jpg,fox
C:\Users\LQB\Desktop\new_data\fox\fox_3.jpg,fox
C:\Users\LQB\Desktop\new_data\fox\fox_30.jpg,fox
C:\Users\LQB\Desktop\new_data\fox\fox_31.jpg,fox
C:\Users\LQB\Desktop\new_data\fox\fox_32.jpg,fox
C:\Users\LQB\Desktop\new_data\fox\fox_33.jpg,fox
C:\Users\LQB\Desktop\new_data\fox\fox_34.jpg,fox
C:\Users\LQB\Desktop\new_data\fox\fox_36.jpg,fox
C:\Users\LQB\Desktop\new_data\fox\fox_37.jpg,fox
C:\Users\LQB\Desktop\new_data\fox\fox_38.jpg,fox
C:\Users\LQB\Desktop\new_data\fox\fox_39.jpg,fox
C:\Users\LQB\Desktop\new_data\fox\fox_4.jpg,fox
C:\Users\LQB\Desktop\new_data\fox\fox_40.jpg,fox
C:\Users\LQB\Desktop\new_data\fox\fox_41.jpg,fox
C:\Users\LQB\Desktop\new_data\fox\fox_42.jpg,fox
C:\Users\LQB\Desktop\new_data\fox\fox_43.jpg,fox
C:\Users\LQB\Desktop\new_data\fox\fox_44.jpg,fox
C:\Users\LQB\Desktop\new_data\fox\fox_46.jpg,fox
C:\Users\LQB\Desktop\new_data\fox\fox_47.jpg,fox
C:\Users\LQB\Desktop\new_data\fox\fox_48.jpg,fox
C:\Users\LQB\Desktop\new_data\fox\fox_49.jpg,fox
C:\Users\LQB\Desktop\new_data\fox\fox_5.jpg,fox
C:\Users\LQB\Desktop\new_data\fox\fox_50.jpg,fox
C:\Users\LQB\Desktop\new_data\fox\fox_52.jpg,fox
C:\Users\LQB\Desktop\new_data\fox\fox_53.jpg,fox
C:\Users\LQB\Desktop\new_data\fox\fox_54.jpg,fox
C:\Users\LQB\Desktop\new_data\fox\fox_55.jpg,fox
C:\Users\LQB\Desktop\new_data\fox\fox_56.jpg,fox
C:\Users\LQB\Desktop\new_data\fox\fox_57.jpg,fox
C:\Users\LQB\Desktop\new_data\fox\fox_58.jpg,fox
C:\Users\LQB\Desktop\new_data\fox\fox_59.jpg,fox
C:\Users\LQB\Desktop\new_data\fox\fox_60.jpg,fox
C:\Users\LQB\Desktop\new_data\fox\fox_7.jpg,fox
C:\Users\LQB\Desktop\new_data\fox\fox_8.jpg,fox
C:\Users\LQB\Desktop\new_data\giraffe\giraffe_1.jpg,giraffe
C:\Users\LQB\Desktop\new_data\giraffe\giraffe_10.jpg,giraffe
C:\Users\LQB\Desktop\new_data\giraffe\giraffe_11.jpg,giraffe
C:\Users\LQB\Desktop\new_data\giraffe\giraffe_12.jpg,giraffe
C:\Users\LQB\Desktop\new_data\giraffe\giraffe_13.jpg,giraffe
C:\Users\LQB\Desktop\new_data\giraffe\giraffe_15.jpg,giraffe
C:\Users\LQB\Desktop\new_data\giraffe\giraffe_17.jpg,giraffe
C:\Users\LQB\Desktop\new_data\giraffe\giraffe_2.jpg,giraffe
C:\Users\LQB\Desktop\new_data\giraffe\giraffe_20.jpg,giraffe
C:\Users\LQB\Desktop\new_data\giraffe\giraffe_21.jpg,giraffe
C:\Users\LQB\Desktop\new_data\giraffe\giraffe_22.jpg,giraffe
C:\Users\LQB\Desktop\new_data\giraffe\giraffe_23.jpg,giraffe
C:\Users\LQB\Desktop\new_data\giraffe\giraffe_24.jpg,giraffe
C:\Users\LQB\Desktop\new_data\giraffe\giraffe_25.jpg,giraffe
C:\Users\LQB\Desktop\new_data\giraffe\giraffe_26.jpg,giraffe
C:\Users\LQB\Desktop\new_data\giraffe\giraffe_27.jpg,giraffe
C:\Users\LQB\Desktop\new_data\giraffe\giraffe_28.jpg,giraffe
C:\Users\LQB\Desktop\new_data\giraffe\giraffe_29.jpg,giraffe
C:\Users\LQB\Desktop\new_data\giraffe\giraffe_3.jpg,giraffe
C:\Users\LQB\Desktop\new_data\giraffe\giraffe_30.jpg,giraffe
C:\Users\LQB\Desktop\new_data\giraffe\giraffe_31.jpg,giraffe
C:\Users\LQB\Desktop\new_data\giraffe\giraffe_32.jpg,giraffe
C:\Users\LQB\Desktop\new_data\giraffe\giraffe_33.jpg,giraffe
C:\Users\LQB\Desktop\new_data\giraffe\giraffe_34.jpg,giraffe
C:\Users\LQB\Desktop\new_data\giraffe\giraffe_35.jpg,giraffe
C:\Users\LQB\Desktop\new_data\giraffe\giraffe_36.jpg,giraffe
C:\Users\LQB\Desktop\new_data\giraffe\giraffe_37.jpg,giraffe
C:\Users\LQB\Desktop\new_data\giraffe\giraffe_38.jpg,giraffe
C:\Users\LQB\Desktop\new_data\giraffe\giraffe_39.jpg,giraffe
C:\Users\LQB\Desktop\new_data\giraffe\giraffe_4.jpg,giraffe
C:\Users\LQB\Desktop\new_data\giraffe\giraffe_40.jpg,giraffe
C:\Users\LQB\Desktop\new_data\giraffe\giraffe_41.jpg,giraffe
C:\Users\LQB\Desktop\new_data\giraffe\giraffe_42.jpg,giraffe
C:\Users\LQB\Desktop\new_data\giraffe\giraffe_43.jpg,giraffe
C:\Users\LQB\Desktop\new_data\giraffe\giraffe_44.jpg,giraffe
C:\Users\LQB\Desktop\new_data\giraffe\giraffe_45.jpg,giraffe
C:\Users\LQB\Desktop\new_data\giraffe\giraffe_46.jpg,giraffe
C:\Users\LQB\Desktop\new_data\giraffe\giraffe_47.jpg,giraffe
C:\Users\LQB\Desktop\new_data\giraffe\giraffe_48.jpg,giraffe
C:\Users\LQB\Desktop\new_data\giraffe\giraffe_49.jpg,giraffe
C:\Users\LQB\Desktop\new_data\giraffe\giraffe_5.jpg,giraffe
C:\Users\LQB\Desktop\new_data\giraffe\giraffe_51.jpg,giraffe
C:\Users\LQB\Desktop\new_data\giraffe\giraffe_52.jpg,giraffe
C:\Users\LQB\Desktop\new_data\giraffe\giraffe_53.jpg,giraffe
C:\Users\LQB\Desktop\new_data\giraffe\giraffe_55.jpg,giraffe
C:\Users\LQB\Desktop\new_data\giraffe\giraffe_56.jpg,giraffe
C:\Users\LQB\Desktop\new_data\giraffe\giraffe_57.jpg,giraffe
C:\Users\LQB\Desktop\new_data\giraffe\giraffe_58.jpg,giraffe
C:\Users\LQB\Desktop\new_data\giraffe\giraffe_59.jpg,giraffe
C:\Users\LQB\Desktop\new_data\giraffe\giraffe_6.jpg,giraffe
C:\Users\LQB\Desktop\new_data\giraffe\giraffe_60.jpg,giraffe
C:\Users\LQB\Desktop\new_data\giraffe\giraffe_61.jpg,giraffe
C:\Users\LQB\Desktop\new_data\giraffe\giraffe_62.jpg,giraffe
C:\Users\LQB\Desktop\new_data\giraffe\giraffe_63.jpg,giraffe
C:\Users\LQB\Desktop\new_data\giraffe\giraffe_64.jpg,giraffe
C:\Users\LQB\Desktop\new_data\giraffe\giraffe_65.jpg,giraffe
C:\Users\LQB\Desktop\new_data\giraffe\giraffe_66.jpg,giraffe
C:\Users\LQB\Desktop\new_data\giraffe\giraffe_67.jpg,giraffe
C:\Users\LQB\Desktop\new_data\giraffe\giraffe_68.jpg,giraffe
C:\Users\LQB\Desktop\new_data\giraffe\giraffe_69.jpg,giraffe
C:\Users\LQB\Desktop\new_data\giraffe\giraffe_7.jpg,giraffe
C:\Users\LQB\Desktop\new_data\giraffe\giraffe_70.jpg,giraffe
C:\Users\LQB\Desktop\new_data\giraffe\giraffe_71.jpg,giraffe
C:\Users\LQB\Desktop\new_data\giraffe\giraffe_72.jpg,giraffe
C:\Users\LQB\Desktop\new_data\giraffe\giraffe_73.jpg,giraffe
C:\Users\LQB\Desktop\new_data\giraffe\giraffe_74.jpg,giraffe
C:\Users\LQB\Desktop\new_data\giraffe\giraffe_75.jpg,giraffe
C:\Users\LQB\Desktop\new_data\giraffe\giraffe_76.jpg,giraffe
C:\Users\LQB\Desktop\new_data\giraffe\giraffe_77.jpg,giraffe
C:\Users\LQB\Desktop\new_data\giraffe\giraffe_78.jpg,giraffe
C:\Users\LQB\Desktop\new_data\giraffe\giraffe_79.jpg,giraffe
C:\Users\LQB\Desktop\new_data\giraffe\giraffe_8.jpg,giraffe
C:\Users\LQB\Desktop\new_data\giraffe\giraffe_80.jpg,giraffe
C:\Users\LQB\Desktop\new_data\giraffe\giraffe_81.jpg,giraffe
C:\Users\LQB\Desktop\new_data\giraffe\giraffe_82.jpg,giraffe
C:\Users\LQB\Desktop\new_data\giraffe\giraffe_83.jpg,giraffe
C:\Users\LQB\Desktop\new_data\giraffe\giraffe_84.jpg,giraffe
C:\Users\LQB\Desktop\new_data\giraffe\giraffe_85.jpg,giraffe
C:\Users\LQB\Desktop\new_data\giraffe\giraffe_86.jpg,giraffe
C:\Users\LQB\Desktop\new_data\giraffe\giraffe_87.jpg,giraffe
C:\Users\LQB\Desktop\new_data\giraffe\giraffe_88.jpg,giraffe
C:\Users\LQB\Desktop\new_data\giraffe\giraffe_89.jpg,giraffe
C:\Users\LQB\Desktop\new_data\giraffe\giraffe_9.jpg,giraffe
C:\Users\LQB\Desktop\new_data\giraffe\giraffe_90.jpg,giraffe
C:\Users\LQB\Desktop\new_data\horse\horse_1.jpg,horse
C:\Users\LQB\Desktop\new_data\horse\horse_10.jpg,horse
C:\Users\LQB\Desktop\new_data\horse\horse_11.jpg,horse
C:\Users\LQB\Desktop\new_data\horse\horse_14.jpg,horse
C:\Users\LQB\Desktop\new_data\horse\horse_16.jpg,horse
C:\Users\LQB\Desktop\new_data\horse\horse_17.jpg,horse
C:\Users\LQB\Desktop\new_data\horse\horse_19.jpg,horse
C:\Users\LQB\Desktop\new_data\horse\horse_2.jpg,horse
C:\Users\LQB\Desktop\new_data\horse\horse_20.jpg,horse
C:\Users\LQB\Desktop\new_data\horse\horse_21.jpg,horse
C:\Users\LQB\Desktop\new_data\horse\horse_22.jpg,horse
C:\Users\LQB\Desktop\new_data\horse\horse_23.jpg,horse
C:\Users\LQB\Desktop\new_data\horse\horse_24.jpg,horse
C:\Users\LQB\Desktop\new_data\horse\horse_25.jpg,horse
C:\Users\LQB\Desktop\new_data\horse\horse_27.jpg,horse
C:\Users\LQB\Desktop\new_data\horse\horse_28.jpg,horse
C:\Users\LQB\Desktop\new_data\horse\horse_29.jpg,horse
C:\Users\LQB\Desktop\new_data\horse\horse_3.jpg,horse
C:\Users\LQB\Desktop\new_data\horse\horse_30.jpg,horse
C:\Users\LQB\Desktop\new_data\horse\horse_31.jpg,horse
C:\Users\LQB\Desktop\new_data\horse\horse_32.jpg,horse
C:\Users\LQB\Desktop\new_data\horse\horse_33.jpg,horse
C:\Users\LQB\Desktop\new_data\horse\horse_34.jpg,horse
C:\Users\LQB\Desktop\new_data\horse\horse_35.jpg,horse
C:\Users\LQB\Desktop\new_data\horse\horse_36.jpg,horse
C:\Users\LQB\Desktop\new_data\horse\horse_37.jpg,horse
C:\Users\LQB\Desktop\new_data\horse\horse_38.jpg,horse
C:\Users\LQB\Desktop\new_data\horse\horse_39.jpg,horse
C:\Users\LQB\Desktop\new_data\horse\horse_40.jpg,horse
C:\Users\LQB\Desktop\new_data\horse\horse_41.jpg,horse
C:\Users\LQB\Desktop\new_data\horse\horse_42.jpg,horse
C:\Users\LQB\Desktop\new_data\horse\horse_43.jpg,horse
C:\Users\LQB\Desktop\new_data\horse\horse_44.jpg,horse
C:\Users\LQB\Desktop\new_data\horse\horse_45.jpg,horse
C:\Users\LQB\Desktop\new_data\horse\horse_46.jpg,horse
C:\Users\LQB\Desktop\new_data\horse\horse_47.jpg,horse
C:\Users\LQB\Desktop\new_data\horse\horse_48.jpg,horse
C:\Users\LQB\Desktop\new_data\horse\horse_49.jpg,horse
C:\Users\LQB\Desktop\new_data\horse\horse_5.jpg,horse
C:\Users\LQB\Desktop\new_data\horse\horse_50.jpg,horse
C:\Users\LQB\Desktop\new_data\horse\horse_51.jpg,horse
C:\Users\LQB\Desktop\new_data\horse\horse_52.jpg,horse
C:\Users\LQB\Desktop\new_data\horse\horse_53.jpg,horse
C:\Users\LQB\Desktop\new_data\horse\horse_54.jpg,horse
C:\Users\LQB\Desktop\new_data\horse\horse_55.jpg,horse
C:\Users\LQB\Desktop\new_data\horse\horse_56.jpg,horse
C:\Users\LQB\Desktop\new_data\horse\horse_57.jpg,horse
C:\Users\LQB\Desktop\new_data\horse\horse_58.jpg,horse
C:\Users\LQB\Desktop\new_data\horse\horse_59.jpg,horse
C:\Users\LQB\Desktop\new_data\horse\horse_6.jpg,horse
C:\Users\LQB\Desktop\new_data\horse\horse_60.jpg,horse
C:\Users\LQB\Desktop\new_data\horse\horse_61.jpg,horse
C:\Users\LQB\Desktop\new_data\horse\horse_62.jpg,horse
C:\Users\LQB\Desktop\new_data\horse\horse_63.jpg,horse
C:\Users\LQB\Desktop\new_data\horse\horse_64.jpg,horse
C:\Users\LQB\Desktop\new_data\horse\horse_65.jpg,horse
C:\Users\LQB\Desktop\new_data\horse\horse_66.jpg,horse
C:\Users\LQB\Desktop\new_data\horse\horse_67.jpg,horse
C:\Users\LQB\Desktop\new_data\horse\horse_68.jpg,horse
C:\Users\LQB\Desktop\new_data\horse\horse_69.jpg,horse
C:\Users\LQB\Desktop\new_data\horse\horse_7.jpg,horse
C:\Users\LQB\Desktop\new_data\horse\horse_70.jpg,horse
C:\Users\LQB\Desktop\new_data\horse\horse_71.jpg,horse
C:\Users\LQB\Desktop\new_data\horse\horse_72.jpg,horse
C:\Users\LQB\Desktop\new_data\horse\horse_73.jpg,horse
C:\Users\LQB\Desktop\new_data\horse\horse_74.jpg,horse
C:\Users\LQB\Desktop\new_data\horse\horse_75.jpg,horse
C:\Users\LQB\Desktop\new_data\horse\horse_76.jpg,horse
C:\Users\LQB\Desktop\new_data\horse\horse_77.jpg,horse
C:\Users\LQB\Desktop\new_data\horse\horse_78.jpg,horse
C:\Users\LQB\Desktop\new_data\horse\horse_79.jpg,horse
C:\Users\LQB\Desktop\new_data\horse\horse_8.jpg,horse
C:\Users\LQB\Desktop\new_data\horse\horse_80.jpg,horse
C:\Users\LQB\Desktop\new_data\horse\horse_81.jpg,horse
C:\Users\LQB\Desktop\new_data\horse\horse_82.jpg,horse
C:\Users\LQB\Desktop\new_data\horse\horse_83.jpg,horse
C:\Users\LQB\Desktop\new_data\horse\horse_84.jpg,horse
C:\Users\LQB\Desktop\new_data\horse\horse_85.jpg,horse
C:\Users\LQB\Desktop\new_data\horse\horse_86.jpg,horse
C:\Users\LQB\Desktop\new_data\horse\horse_87.jpg,horse
C:\Users\LQB\Desktop\new_data\horse\horse_88.jpg,horse
C:\Users\LQB\Desktop\new_data\horse\horse_89.jpg,horse
C:\Users\LQB\Desktop\new_data\horse\horse_9.jpg,horse
C:\Users\LQB\Desktop\new_data\horse\horse_90.jpg,horse
C:\Users\LQB\Desktop\new_data\koala\koala_1.jpg,koala
C:\Users\LQB\Desktop\new_data\koala\koala_10.jpg,koala
C:\Users\LQB\Desktop\new_data\koala\koala_11.jpg,koala
C:\Users\LQB\Desktop\new_data\koala\koala_12.jpg,koala
C:\Users\LQB\Desktop\new_data\koala\koala_13.jpg,koala
C:\Users\LQB\Desktop\new_data\koala\koala_14.jpg,koala
C:\Users\LQB\Desktop\new_data\koala\koala_15.jpg,koala
C:\Users\LQB\Desktop\new_data\koala\koala_17.jpg,koala
C:\Users\LQB\Desktop\new_data\koala\koala_18.jpg,koala
C:\Users\LQB\Desktop\new_data\koala\koala_19.jpg,koala
C:\Users\LQB\Desktop\new_data\koala\koala_2.jpg,koala
C:\Users\LQB\Desktop\new_data\koala\koala_20.jpg,koala
C:\Users\LQB\Desktop\new_data\koala\koala_21.jpg,koala
C:\Users\LQB\Desktop\new_data\koala\koala_22.jpg,koala
C:\Users\LQB\Desktop\new_data\koala\koala_23.jpg,koala
C:\Users\LQB\Desktop\new_data\koala\koala_24.jpg,koala
C:\Users\LQB\Desktop\new_data\koala\koala_25.jpg,koala
C:\Users\LQB\Desktop\new_data\koala\koala_26.jpg,koala
C:\Users\LQB\Desktop\new_data\koala\koala_27.jpg,koala
C:\Users\LQB\Desktop\new_data\koala\koala_28.jpg,koala
C:\Users\LQB\Desktop\new_data\koala\koala_29.jpg,koala
C:\Users\LQB\Desktop\new_data\koala\koala_3.jpg,koala
C:\Users\LQB\Desktop\new_data\koala\koala_30.jpg,koala
C:\Users\LQB\Desktop\new_data\koala\koala_32.jpg,koala
C:\Users\LQB\Desktop\new_data\koala\koala_33.jpg,koala
C:\Users\LQB\Desktop\new_data\koala\koala_34.jpg,koala
C:\Users\LQB\Desktop\new_data\koala\koala_35.jpg,koala
C:\Users\LQB\Desktop\new_data\koala\koala_36.jpg,koala
C:\Users\LQB\Desktop\new_data\koala\koala_38.jpg,koala
C:\Users\LQB\Desktop\new_data\koala\koala_39.jpg,koala
C:\Users\LQB\Desktop\new_data\koala\koala_4.jpg,koala
C:\Users\LQB\Desktop\new_data\koala\koala_40.jpg,koala
C:\Users\LQB\Desktop\new_data\koala\koala_41.jpg,koala
C:\Users\LQB\Desktop\new_data\koala\koala_42.jpg,koala
C:\Users\LQB\Desktop\new_data\koala\koala_43.jpg,koala
C:\Users\LQB\Desktop\new_data\koala\koala_44.jpg,koala
C:\Users\LQB\Desktop\new_data\koala\koala_45.jpg,koala
C:\Users\LQB\Desktop\new_data\koala\koala_46.jpg,koala
C:\Users\LQB\Desktop\new_data\koala\koala_47.jpg,koala
C:\Users\LQB\Desktop\new_data\koala\koala_48.jpg,koala
C:\Users\LQB\Desktop\new_data\koala\koala_49.jpg,koala
C:\Users\LQB\Desktop\new_data\koala\koala_5.jpg,koala
C:\Users\LQB\Desktop\new_data\koala\koala_50.jpg,koala
C:\Users\LQB\Desktop\new_data\koala\koala_51.jpg,koala
C:\Users\LQB\Desktop\new_data\koala\koala_52.jpg,koala
C:\Users\LQB\Desktop\new_data\koala\koala_53.jpg,koala
C:\Users\LQB\Desktop\new_data\koala\koala_54.jpg,koala
C:\Users\LQB\Desktop\new_data\koala\koala_55.jpg,koala
C:\Users\LQB\Desktop\new_data\koala\koala_56.jpg,koala
C:\Users\LQB\Desktop\new_data\koala\koala_57.jpg,koala
C:\Users\LQB\Desktop\new_data\koala\koala_59.jpg,koala
C:\Users\LQB\Desktop\new_data\koala\koala_6.jpg,koala
C:\Users\LQB\Desktop\new_data\koala\koala_60.jpg,koala
C:\Users\LQB\Desktop\new_data\koala\koala_61.jpg,koala
C:\Users\LQB\Desktop\new_data\koala\koala_62.jpg,koala
C:\Users\LQB\Desktop\new_data\koala\koala_63.jpg,koala
C:\Users\LQB\Desktop\new_data\koala\koala_64.jpg,koala
C:\Users\LQB\Desktop\new_data\koala\koala_65.jpg,koala
C:\Users\LQB\Desktop\new_data\koala\koala_66.jpg,koala
C:\Users\LQB\Desktop\new_data\koala\koala_67.jpg,koala
C:\Users\LQB\Desktop\new_data\koala\koala_68.jpg,koala
C:\Users\LQB\Desktop\new_data\koala\koala_7.jpg,koala
C:\Users\LQB\Desktop\new_data\koala\koala_72.jpg,koala
C:\Users\LQB\Desktop\new_data\koala\koala_73.jpg,koala
C:\Users\LQB\Desktop\new_data\koala\koala_74.jpg,koala
C:\Users\LQB\Desktop\new_data\koala\koala_75.jpg,koala
C:\Users\LQB\Desktop\new_data\koala\koala_76.jpg,koala
C:\Users\LQB\Desktop\new_data\koala\koala_77.jpg,koala
C:\Users\LQB\Desktop\new_data\koala\koala_78.jpg,koala
C:\Users\LQB\Desktop\new_data\koala\koala_79.jpg,koala
C:\Users\LQB\Desktop\new_data\koala\koala_8.jpg,koala
C:\Users\LQB\Desktop\new_data\koala\koala_80.jpg,koala
C:\Users\LQB\Desktop\new_data\koala\koala_81.jpg,koala
C:\Users\LQB\Desktop\new_data\koala\koala_84.jpg,koala
C:\Users\LQB\Desktop\new_data\koala\koala_85.jpg,koala
C:\Users\LQB\Desktop\new_data\koala\koala_86.jpg,koala
C:\Users\LQB\Desktop\new_data\koala\koala_87.jpg,koala
C:\Users\LQB\Desktop\new_data\koala\koala_88.jpg,koala
C:\Users\LQB\Desktop\new_data\koala\koala_89.jpg,koala
C:\Users\LQB\Desktop\new_data\koala\koala_9.jpg,koala
C:\Users\LQB\Desktop\new_data\koala\koala_90.jpg,koala
C:\Users\LQB\Desktop\new_data\lion\lion_1.jpg,lion
C:\Users\LQB\Desktop\new_data\lion\lion_10.jpg,lion
C:\Users\LQB\Desktop\new_data\lion\lion_11.jpg,lion
C:\Users\LQB\Desktop\new_data\lion\lion_12.jpg,lion
C:\Users\LQB\Desktop\new_data\lion\lion_13.jpg,lion
C:\Users\LQB\Desktop\new_data\lion\lion_14.jpg,lion
C:\Users\LQB\Desktop\new_data\lion\lion_15.jpg,lion
C:\Users\LQB\Desktop\new_data\lion\lion_16.jpg,lion
C:\Users\LQB\Desktop\new_data\lion\lion_17.jpg,lion
C:\Users\LQB\Desktop\new_data\lion\lion_18.jpg,lion
C:\Users\LQB\Desktop\new_data\lion\lion_19.jpg,lion
C:\Users\LQB\Desktop\new_data\lion\lion_2.jpg,lion
C:\Users\LQB\Desktop\new_data\lion\lion_20.jpg,lion
C:\Users\LQB\Desktop\new_data\lion\lion_21.jpg,lion
C:\Users\LQB\Desktop\new_data\lion\lion_22.jpg,lion
C:\Users\LQB\Desktop\new_data\lion\lion_23.jpg,lion
C:\Users\LQB\Desktop\new_data\lion\lion_24.jpg,lion
C:\Users\LQB\Desktop\new_data\lion\lion_25.jpg,lion
C:\Users\LQB\Desktop\new_data\lion\lion_26.jpg,lion
C:\Users\LQB\Desktop\new_data\lion\lion_27.jpg,lion
C:\Users\LQB\Desktop\new_data\lion\lion_28.jpg,lion
C:\Users\LQB\Desktop\new_data\lion\lion_29.jpg,lion
C:\Users\LQB\Desktop\new_data\lion\lion_30.jpg,lion
C:\Users\LQB\Desktop\new_data\lion\lion_31.jpg,lion
C:\Users\LQB\Desktop\new_data\lion\lion_32.jpg,lion
C:\Users\LQB\Desktop\new_data\lion\lion_33.jpg,lion
C:\Users\LQB\Desktop\new_data\lion\lion_34.jpg,lion
C:\Users\LQB\Desktop\new_data\lion\lion_35.jpg,lion
C:\Users\LQB\Desktop\new_data\lion\lion_36.jpg,lion
C:\Users\LQB\Desktop\new_data\lion\lion_37.jpg,lion
C:\Users\LQB\Desktop\new_data\lion\lion_38.jpg,lion
C:\Users\LQB\Desktop\new_data\lion\lion_39.jpg,lion
C:\Users\LQB\Desktop\new_data\lion\lion_4.jpg,lion
C:\Users\LQB\Desktop\new_data\lion\lion_40.jpg,lion
C:\Users\LQB\Desktop\new_data\lion\lion_41.jpg,lion
C:\Users\LQB\Desktop\new_data\lion\lion_42.jpg,lion
C:\Users\LQB\Desktop\new_data\lion\lion_43.jpg,lion
C:\Users\LQB\Desktop\new_data\lion\lion_44.jpg,lion
C:\Users\LQB\Desktop\new_data\lion\lion_46.jpg,lion
C:\Users\LQB\Desktop\new_data\lion\lion_47.jpg,lion
C:\Users\LQB\Desktop\new_data\lion\lion_48.jpg,lion
C:\Users\LQB\Desktop\new_data\lion\lion_49.jpg,lion
C:\Users\LQB\Desktop\new_data\lion\lion_5.jpg,lion
C:\Users\LQB\Desktop\new_data\lion\lion_50.jpg,lion
C:\Users\LQB\Desktop\new_data\lion\lion_51.jpg,lion
C:\Users\LQB\Desktop\new_data\lion\lion_52.jpg,lion
C:\Users\LQB\Desktop\new_data\lion\lion_54.jpg,lion
C:\Users\LQB\Desktop\new_data\lion\lion_55.jpg,lion
C:\Users\LQB\Desktop\new_data\lion\lion_56.jpg,lion
C:\Users\LQB\Desktop\new_data\lion\lion_57.jpg,lion
C:\Users\LQB\Desktop\new_data\lion\lion_58.jpg,lion
C:\Users\LQB\Desktop\new_data\lion\lion_59.jpg,lion
C:\Users\LQB\Desktop\new_data\lion\lion_6.jpg,lion
C:\Users\LQB\Desktop\new_data\lion\lion_60.jpg,lion
C:\Users\LQB\Desktop\new_data\lion\lion_61.jpg,lion
C:\Users\LQB\Desktop\new_data\lion\lion_62.jpg,lion
C:\Users\LQB\Desktop\new_data\lion\lion_63.jpg,lion
C:\Users\LQB\Desktop\new_data\lion\lion_64.jpg,lion
C:\Users\LQB\Desktop\new_data\lion\lion_65.jpg,lion
C:\Users\LQB\Desktop\new_data\lion\lion_66.jpg,lion
C:\Users\LQB\Desktop\new_data\lion\lion_67.jpg,lion
C:\Users\LQB\Desktop\new_data\lion\lion_68.jpg,lion
C:\Users\LQB\Desktop\new_data\lion\lion_69.jpg,lion
C:\Users\LQB\Desktop\new_data\lion\lion_7.jpg,lion
C:\Users\LQB\Desktop\new_data\lion\lion_71.jpg,lion
C:\Users\LQB\Desktop\new_data\lion\lion_72.jpg,lion
C:\Users\LQB\Desktop\new_data\lion\lion_73.jpg,lion
C:\Users\LQB\Desktop\new_data\lion\lion_74.jpg,lion
C:\Users\LQB\Desktop\new_data\lion\lion_75.jpg,lion
C:\Users\LQB\Desktop\new_data\lion\lion_76.jpg,lion
C:\Users\LQB\Desktop\new_data\lion\lion_77.jpg,lion
C:\Users\LQB\Desktop\new_data\lion\lion_78.jpg,lion
C:\Users\LQB\Desktop\new_data\lion\lion_79.jpg,lion
C:\Users\LQB\Desktop\new_data\lion\lion_8.jpg,lion
C:\Users\LQB\Desktop\new_data\lion\lion_81.jpg,lion
C:\Users\LQB\Desktop\new_data\lion\lion_82.jpg,lion
C:\Users\LQB\Desktop\new_data\lion\lion_83.jpg,lion
C:\Users\LQB\Desktop\new_data\lion\lion_84.jpg,lion
C:\Users\LQB\Desktop\new_data\lion\lion_85.jpg,lion
C:\Users\LQB\Desktop\new_data\lion\lion_86.jpg,lion
C:\Users\LQB\Desktop\new_data\lion\lion_87.jpg,lion
C:\Users\LQB\Desktop\new_data\lion\lion_88.jpg,lion
C:\Users\LQB\Desktop\new_data\lion\lion_89.jpg,lion
C:\Users\LQB\Desktop\new_data\lion\lion_9.jpg,lion
C:\Users\LQB\Desktop\new_data\lion\lion_90.jpg,lion
C:\Users\LQB\Desktop\new_data\monkey\monkey_1.jpg,monkey
C:\Users\LQB\Desktop\new_data\monkey\monkey_11.jpg,monkey
C:\Users\LQB\Desktop\new_data\monkey\monkey_12.jpg,monkey
C:\Users\LQB\Desktop\new_data\monkey\monkey_13.jpg,monkey
C:\Users\LQB\Desktop\new_data\monkey\monkey_14.jpg,monkey
C:\Users\LQB\Desktop\new_data\monkey\monkey_15.jpg,monkey
C:\Users\LQB\Desktop\new_data\monkey\monkey_17.jpg,monkey
C:\Users\LQB\Desktop\new_data\monkey\monkey_18.jpg,monkey
C:\Users\LQB\Desktop\new_data\monkey\monkey_19.jpg,monkey
C:\Users\LQB\Desktop\new_data\monkey\monkey_2.jpg,monkey
C:\Users\LQB\Desktop\new_data\monkey\monkey_20.jpg,monkey
C:\Users\LQB\Desktop\new_data\monkey\monkey_21.jpg,monkey
C:\Users\LQB\Desktop\new_data\monkey\monkey_22.jpg,monkey
C:\Users\LQB\Desktop\new_data\monkey\monkey_23.jpg,monkey
C:\Users\LQB\Desktop\new_data\monkey\monkey_24.jpg,monkey
C:\Users\LQB\Desktop\new_data\monkey\monkey_25.jpg,monkey
C:\Users\LQB\Desktop\new_data\monkey\monkey_26.jpg,monkey
C:\Users\LQB\Desktop\new_data\monkey\monkey_27.jpg,monkey
C:\Users\LQB\Desktop\new_data\monkey\monkey_28.jpg,monkey
C:\Users\LQB\Desktop\new_data\monkey\monkey_29.jpg,monkey
C:\Users\LQB\Desktop\new_data\monkey\monkey_3.jpg,monkey
C:\Users\LQB\Desktop\new_data\monkey\monkey_30.jpg,monkey
C:\Users\LQB\Desktop\new_data\monkey\monkey_31.jpg,monkey
C:\Users\LQB\Desktop\new_data\monkey\monkey_32.jpg,monkey
C:\Users\LQB\Desktop\new_data\monkey\monkey_33.jpg,monkey
C:\Users\LQB\Desktop\new_data\monkey\monkey_34.jpg,monkey
C:\Users\LQB\Desktop\new_data\monkey\monkey_36.jpg,monkey
C:\Users\LQB\Desktop\new_data\monkey\monkey_37.jpg,monkey
C:\Users\LQB\Desktop\new_data\monkey\monkey_38.jpg,monkey
C:\Users\LQB\Desktop\new_data\monkey\monkey_39.jpg,monkey
C:\Users\LQB\Desktop\new_data\monkey\monkey_4.jpg,monkey
C:\Users\LQB\Desktop\new_data\monkey\monkey_40.jpg,monkey
C:\Users\LQB\Desktop\new_data\monkey\monkey_41.jpg,monkey
C:\Users\LQB\Desktop\new_data\monkey\monkey_42.jpg,monkey
C:\Users\LQB\Desktop\new_data\monkey\monkey_43.jpg,monkey
C:\Users\LQB\Desktop\new_data\monkey\monkey_44.jpg,monkey
C:\Users\LQB\Desktop\new_data\monkey\monkey_46.jpg,monkey
C:\Users\LQB\Desktop\new_data\monkey\monkey_47.jpg,monkey
C:\Users\LQB\Desktop\new_data\monkey\monkey_48.jpg,monkey
C:\Users\LQB\Desktop\new_data\monkey\monkey_49.jpg,monkey
C:\Users\LQB\Desktop\new_data\monkey\monkey_5.jpg,monkey
C:\Users\LQB\Desktop\new_data\monkey\monkey_50.jpg,monkey
C:\Users\LQB\Desktop\new_data\monkey\monkey_51.jpg,monkey
C:\Users\LQB\Desktop\new_data\monkey\monkey_52.jpg,monkey
C:\Users\LQB\Desktop\new_data\monkey\monkey_53.jpg,monkey
C:\Users\LQB\Desktop\new_data\monkey\monkey_54.jpg,monkey
C:\Users\LQB\Desktop\new_data\monkey\monkey_55.jpg,monkey
C:\Users\LQB\Desktop\new_data\monkey\monkey_56.jpg,monkey
C:\Users\LQB\Desktop\new_data\monkey\monkey_57.jpg,monkey
C:\Users\LQB\Desktop\new_data\monkey\monkey_58.jpg,monkey
C:\Users\LQB\Desktop\new_data\monkey\monkey_59.jpg,monkey
C:\Users\LQB\Desktop\new_data\monkey\monkey_6.jpg,monkey
C:\Users\LQB\Desktop\new_data\monkey\monkey_60.jpg,monkey
C:\Users\LQB\Desktop\new_data\monkey\monkey_61.jpg,monkey
C:\Users\LQB\Desktop\new_data\monkey\monkey_62.jpg,monkey
C:\Users\LQB\Desktop\new_data\monkey\monkey_64.jpg,monkey
C:\Users\LQB\Desktop\new_data\monkey\monkey_65.jpg,monkey
C:\Users\LQB\Desktop\new_data\monkey\monkey_66.jpg,monkey
C:\Users\LQB\Desktop\new_data\monkey\monkey_67.jpg,monkey
C:\Users\LQB\Desktop\new_data\monkey\monkey_69.jpg,monkey
C:\Users\LQB\Desktop\new_data\monkey\monkey_7.jpg,monkey
C:\Users\LQB\Desktop\new_data\monkey\monkey_70.jpg,monkey
C:\Users\LQB\Desktop\new_data\monkey\monkey_71.jpg,monkey
C:\Users\LQB\Desktop\new_data\monkey\monkey_72.jpg,monkey
C:\Users\LQB\Desktop\new_data\monkey\monkey_73.jpg,monkey
C:\Users\LQB\Desktop\new_data\monkey\monkey_74.jpg,monkey
C:\Users\LQB\Desktop\new_data\monkey\monkey_75.jpg,monkey
C:\Users\LQB\Desktop\new_data\monkey\monkey_77.jpg,monkey
C:\Users\LQB\Desktop\new_data\monkey\monkey_78.jpg,monkey
C:\Users\LQB\Desktop\new_data\monkey\monkey_8.jpg,monkey
C:\Users\LQB\Desktop\new_data\monkey\monkey_80.jpg,monkey
C:\Users\LQB\Desktop\new_data\monkey\monkey_82.jpg,monkey
C:\Users\LQB\Desktop\new_data\monkey\monkey_83.jpg,monkey
C:\Users\LQB\Desktop\new_data\monkey\monkey_84.jpg,monkey
C:\Users\LQB\Desktop\new_data\monkey\monkey_85.jpg,monkey
C:\Users\LQB\Desktop\new_data\monkey\monkey_86.jpg,monkey
C:\Users\LQB\Desktop\new_data\monkey\monkey_88.jpg,monkey
C:\Users\LQB\Desktop\new_data\monkey\monkey_89.jpg,monkey
C:\Users\LQB\Desktop\new_data\monkey\monkey_9.jpg,monkey
C:\Users\LQB\Desktop\new_data\plane\plane_1.jpg,plane
C:\Users\LQB\Desktop\new_data\plane\plane_10.jpg,plane
C:\Users\LQB\Desktop\new_data\plane\plane_11.jpg,plane
C:\Users\LQB\Desktop\new_data\plane\plane_12.jpg,plane
C:\Users\LQB\Desktop\new_data\plane\plane_13.jpg,plane
C:\Users\LQB\Desktop\new_data\plane\plane_14.jpg,plane
C:\Users\LQB\Desktop\new_data\plane\plane_15.jpg,plane
C:\Users\LQB\Desktop\new_data\plane\plane_16.jpg,plane
C:\Users\LQB\Desktop\new_data\plane\plane_17.jpg,plane
C:\Users\LQB\Desktop\new_data\plane\plane_18.jpg,plane
C:\Users\LQB\Desktop\new_data\plane\plane_19.jpg,plane
C:\Users\LQB\Desktop\new_data\plane\plane_2.jpg,plane
C:\Users\LQB\Desktop\new_data\plane\plane_20.jpg,plane
C:\Users\LQB\Desktop\new_data\plane\plane_21.jpg,plane
C:\Users\LQB\Desktop\new_data\plane\plane_23.jpg,plane
C:\Users\LQB\Desktop\new_data\plane\plane_24.jpg,plane
C:\Users\LQB\Desktop\new_data\plane\plane_26.jpg,plane
C:\Users\LQB\Desktop\new_data\plane\plane_27.jpg,plane
C:\Users\LQB\Desktop\new_data\plane\plane_28.jpg,plane
C:\Users\LQB\Desktop\new_data\plane\plane_29.jpg,plane
C:\Users\LQB\Desktop\new_data\plane\plane_3.jpg,plane
C:\Users\LQB\Desktop\new_data\plane\plane_30.jpg,plane
C:\Users\LQB\Desktop\new_data\plane\plane_31.jpg,plane
C:\Users\LQB\Desktop\new_data\plane\plane_32.jpg,plane
C:\Users\LQB\Desktop\new_data\plane\plane_33.jpg,plane
C:\Users\LQB\Desktop\new_data\plane\plane_34.jpg,plane
C:\Users\LQB\Desktop\new_data\plane\plane_35.jpg,plane
C:\Users\LQB\Desktop\new_data\plane\plane_36.jpg,plane
C:\Users\LQB\Desktop\new_data\plane\plane_37.jpg,plane
C:\Users\LQB\Desktop\new_data\plane\plane_38.jpg,plane
C:\Users\LQB\Desktop\new_data\plane\plane_39.jpg,plane
C:\Users\LQB\Desktop\new_data\plane\plane_4.jpg,plane
C:\Users\LQB\Desktop\new_data\plane\plane_40.jpg,plane
C:\Users\LQB\Desktop\new_data\plane\plane_41.jpg,plane
C:\Users\LQB\Desktop\new_data\plane\plane_42.jpg,plane
C:\Users\LQB\Desktop\new_data\plane\plane_43.jpg,plane
C:\Users\LQB\Desktop\new_data\plane\plane_44.jpg,plane
C:\Users\LQB\Desktop\new_data\plane\plane_45.jpg,plane
C:\Users\LQB\Desktop\new_data\plane\plane_46.jpg,plane
C:\Users\LQB\Desktop\new_data\plane\plane_47.jpg,plane
C:\Users\LQB\Desktop\new_data\plane\plane_48.jpg,plane
C:\Users\LQB\Desktop\new_data\plane\plane_49.jpg,plane
C:\Users\LQB\Desktop\new_data\plane\plane_5.jpg,plane
C:\Users\LQB\Desktop\new_data\plane\plane_50.jpg,plane
C:\Users\LQB\Desktop\new_data\plane\plane_51.jpg,plane
C:\Users\LQB\Desktop\new_data\plane\plane_52.jpg,plane
C:\Users\LQB\Desktop\new_data\plane\plane_53.jpg,plane
C:\Users\LQB\Desktop\new_data\plane\plane_54.jpg,plane
C:\Users\LQB\Desktop\new_data\plane\plane_55.jpg,plane
C:\Users\LQB\Desktop\new_data\plane\plane_57.jpg,plane
C:\Users\LQB\Desktop\new_data\plane\plane_58.jpg,plane
C:\Users\LQB\Desktop\new_data\plane\plane_59.jpg,plane
C:\Users\LQB\Desktop\new_data\plane\plane_6.jpg,plane
C:\Users\LQB\Desktop\new_data\plane\plane_60.jpg,plane
C:\Users\LQB\Desktop\new_data\plane\plane_61.jpg,plane
C:\Users\LQB\Desktop\new_data\plane\plane_62.jpg,plane
C:\Users\LQB\Desktop\new_data\plane\plane_63.jpg,plane
C:\Users\LQB\Desktop\new_data\plane\plane_64.jpg,plane
C:\Users\LQB\Desktop\new_data\plane\plane_65.jpg,plane
C:\Users\LQB\Desktop\new_data\plane\plane_66.jpg,plane
C:\Users\LQB\Desktop\new_data\plane\plane_67.jpg,plane
C:\Users\LQB\Desktop\new_data\plane\plane_68.jpg,plane
C:\Users\LQB\Desktop\new_data\plane\plane_69.jpg,plane
C:\Users\LQB\Desktop\new_data\plane\plane_7.jpg,plane
C:\Users\LQB\Desktop\new_data\plane\plane_70.jpg,plane
C:\Users\LQB\Desktop\new_data\plane\plane_71.jpg,plane
C:\Users\LQB\Desktop\new_data\plane\plane_72.jpg,plane
C:\Users\LQB\Desktop\new_data\plane\plane_73.jpg,plane
C:\Users\LQB\Desktop\new_data\plane\plane_74.jpg,plane
C:\Users\LQB\Desktop\new_data\plane\plane_75.jpg,plane
C:\Users\LQB\Desktop\new_data\plane\plane_76.jpg,plane
C:\Users\LQB\Desktop\new_data\plane\plane_77.jpg,plane
C:\Users\LQB\Desktop\new_data\plane\plane_78.jpg,plane
C:\Users\LQB\Desktop\new_data\plane\plane_79.jpg,plane
C:\Users\LQB\Desktop\new_data\plane\plane_8.jpg,plane
C:\Users\LQB\Desktop\new_data\plane\plane_80.jpg,plane
C:\Users\LQB\Desktop\new_data\plane\plane_81.jpg,plane
C:\Users\LQB\Desktop\new_data\plane\plane_82.jpg,plane
C:\Users\LQB\Desktop\new_data\plane\plane_83.jpg,plane
C:\Users\LQB\Desktop\new_data\plane\plane_84.jpg,plane
C:\Users\LQB\Desktop\new_data\plane\plane_85.jpg,plane
C:\Users\LQB\Desktop\new_data\plane\plane_86.jpg,plane
C:\Users\LQB\Desktop\new_data\plane\plane_88.jpg,plane
C:\Users\LQB\Desktop\new_data\plane\plane_89.jpg,plane
C:\Users\LQB\Desktop\new_data\plane\plane_9.jpg,plane
C:\Users\LQB\Desktop\new_data\plane\plane_90.jpg,plane
C:\Users\LQB\Desktop\new_data\puppy\puppy_1.jpg,puppy
C:\Users\LQB\Desktop\new_data\puppy\puppy_10.jpg,puppy
C:\Users\LQB\Desktop\new_data\puppy\puppy_11.jpg,puppy
C:\Users\LQB\Desktop\new_data\puppy\puppy_12.jpg,puppy
C:\Users\LQB\Desktop\new_data\puppy\puppy_13.jpg,puppy
C:\Users\LQB\Desktop\new_data\puppy\puppy_14.jpg,puppy
C:\Users\LQB\Desktop\new_data\puppy\puppy_15.jpg,puppy
C:\Users\LQB\Desktop\new_data\puppy\puppy_16.jpg,puppy
C:\Users\LQB\Desktop\new_data\puppy\puppy_18.jpg,puppy
C:\Users\LQB\Desktop\new_data\puppy\puppy_19.jpg,puppy
C:\Users\LQB\Desktop\new_data\puppy\puppy_2.jpg,puppy
C:\Users\LQB\Desktop\new_data\puppy\puppy_20.jpg,puppy
C:\Users\LQB\Desktop\new_data\puppy\puppy_21.jpg,puppy
C:\Users\LQB\Desktop\new_data\puppy\puppy_22.jpg,puppy
C:\Users\LQB\Desktop\new_data\puppy\puppy_23.jpg,puppy
C:\Users\LQB\Desktop\new_data\puppy\puppy_24.jpg,puppy
C:\Users\LQB\Desktop\new_data\puppy\puppy_25.jpg,puppy
C:\Users\LQB\Desktop\new_data\puppy\puppy_26.jpg,puppy
C:\Users\LQB\Desktop\new_data\puppy\puppy_27.jpg,puppy
C:\Users\LQB\Desktop\new_data\puppy\puppy_28.jpg,puppy
C:\Users\LQB\Desktop\new_data\puppy\puppy_29.jpg,puppy
C:\Users\LQB\Desktop\new_data\puppy\puppy_3.jpg,puppy
C:\Users\LQB\Desktop\new_data\puppy\puppy_30.jpg,puppy
C:\Users\LQB\Desktop\new_data\puppy\puppy_31.jpg,puppy
C:\Users\LQB\Desktop\new_data\puppy\puppy_32.jpg,puppy
C:\Users\LQB\Desktop\new_data\puppy\puppy_33.jpg,puppy
C:\Users\LQB\Desktop\new_data\puppy\puppy_34.jpg,puppy
C:\Users\LQB\Desktop\new_data\puppy\puppy_35.jpg,puppy
C:\Users\LQB\Desktop\new_data\puppy\puppy_37.jpg,puppy
C:\Users\LQB\Desktop\new_data\puppy\puppy_38.jpg,puppy
C:\Users\LQB\Desktop\new_data\puppy\puppy_39.jpg,puppy
C:\Users\LQB\Desktop\new_data\puppy\puppy_4.jpg,puppy
C:\Users\LQB\Desktop\new_data\puppy\puppy_40.jpg,puppy
C:\Users\LQB\Desktop\new_data\puppy\puppy_41.jpg,puppy
C:\Users\LQB\Desktop\new_data\puppy\puppy_42.jpg,puppy
C:\Users\LQB\Desktop\new_data\puppy\puppy_43.jpg,puppy
C:\Users\LQB\Desktop\new_data\puppy\puppy_44.jpg,puppy
C:\Users\LQB\Desktop\new_data\puppy\puppy_45.jpg,puppy
C:\Users\LQB\Desktop\new_data\puppy\puppy_46.jpg,puppy
C:\Users\LQB\Desktop\new_data\puppy\puppy_47.jpg,puppy
C:\Users\LQB\Desktop\new_data\puppy\puppy_48.jpg,puppy
C:\Users\LQB\Desktop\new_data\puppy\puppy_49.jpg,puppy
C:\Users\LQB\Desktop\new_data\puppy\puppy_5.jpg,puppy
C:\Users\LQB\Desktop\new_data\puppy\puppy_50.jpg,puppy
C:\Users\LQB\Desktop\new_data\puppy\puppy_51.jpg,puppy
C:\Users\LQB\Desktop\new_data\puppy\puppy_52.jpg,puppy
C:\Users\LQB\Desktop\new_data\puppy\puppy_53.jpg,puppy
C:\Users\LQB\Desktop\new_data\puppy\puppy_54.jpg,puppy
C:\Users\LQB\Desktop\new_data\puppy\puppy_55.jpg,puppy
C:\Users\LQB\Desktop\new_data\puppy\puppy_56.jpg,puppy
C:\Users\LQB\Desktop\new_data\puppy\puppy_57.jpg,puppy
C:\Users\LQB\Desktop\new_data\puppy\puppy_58.jpg,puppy
C:\Users\LQB\Desktop\new_data\puppy\puppy_59.jpg,puppy
C:\Users\LQB\Desktop\new_data\puppy\puppy_6.jpg,puppy
C:\Users\LQB\Desktop\new_data\puppy\puppy_60.jpg,puppy
C:\Users\LQB\Desktop\new_data\puppy\puppy_62.jpg,puppy
C:\Users\LQB\Desktop\new_data\puppy\puppy_63.jpg,puppy
C:\Users\LQB\Desktop\new_data\puppy\puppy_64.jpg,puppy
C:\Users\LQB\Desktop\new_data\puppy\puppy_65.jpg,puppy
C:\Users\LQB\Desktop\new_data\puppy\puppy_66.jpg,puppy
C:\Users\LQB\Desktop\new_data\puppy\puppy_67.jpg,puppy
C:\Users\LQB\Desktop\new_data\puppy\puppy_68.jpg,puppy
C:\Users\LQB\Desktop\new_data\puppy\puppy_69.jpg,puppy
C:\Users\LQB\Desktop\new_data\puppy\puppy_7.jpg,puppy
C:\Users\LQB\Desktop\new_data\puppy\puppy_70.jpg,puppy
C:\Users\LQB\Desktop\new_data\puppy\puppy_71.jpg,puppy
C:\Users\LQB\Desktop\new_data\puppy\puppy_72.jpg,puppy
C:\Users\LQB\Desktop\new_data\puppy\puppy_73.jpg,puppy
C:\Users\LQB\Desktop\new_data\puppy\puppy_74.jpg,puppy
C:\Users\LQB\Desktop\new_data\puppy\puppy_75.jpg,puppy
C:\Users\LQB\Desktop\new_data\puppy\puppy_76.jpg,puppy
C:\Users\LQB\Desktop\new_data\puppy\puppy_77.jpg,puppy
C:\Users\LQB\Desktop\new_data\puppy\puppy_78.jpg,puppy
C:\Users\LQB\Desktop\new_data\puppy\puppy_79.jpg,puppy
C:\Users\LQB\Desktop\new_data\puppy\puppy_8.jpg,puppy
C:\Users\LQB\Desktop\new_data\puppy\puppy_80.jpg,puppy
C:\Users\LQB\Desktop\new_data\puppy\puppy_81.jpg,puppy
C:\Users\LQB\Desktop\new_data\puppy\puppy_82.jpg,puppy
C:\Users\LQB\Desktop\new_data\puppy\puppy_83.jpg,puppy
C:\Users\LQB\Desktop\new_data\puppy\puppy_84.jpg,puppy
C:\Users\LQB\Desktop\new_data\puppy\puppy_85.jpg,puppy
C:\Users\LQB\Desktop\new_data\puppy\puppy_86.jpg,puppy
C:\Users\LQB\Desktop\new_data\puppy\puppy_87.jpg,puppy
C:\Users\LQB\Desktop\new_data\puppy\puppy_88.jpg,puppy
C:\Users\LQB\Desktop\new_data\puppy\puppy_89.jpg,puppy
C:\Users\LQB\Desktop\new_data\puppy\puppy_9.jpg,puppy
C:\Users\LQB\Desktop\new_data\puppy\puppy_90.jpg,puppy
C:\Users\LQB\Desktop\new_data\sheep\sheep_10.jpg,sheep
C:\Users\LQB\Desktop\new_data\sheep\sheep_12.jpg,sheep
C:\Users\LQB\Desktop\new_data\sheep\sheep_15.jpg,sheep
C:\Users\LQB\Desktop\new_data\sheep\sheep_16.jpg,sheep
C:\Users\LQB\Desktop\new_data\sheep\sheep_17.jpg,sheep
C:\Users\LQB\Desktop\new_data\sheep\sheep_18.jpg,sheep
C:\Users\LQB\Desktop\new_data\sheep\sheep_19.jpg,sheep
C:\Users\LQB\Desktop\new_data\sheep\sheep_20.jpg,sheep
C:\Users\LQB\Desktop\new_data\sheep\sheep_21.jpg,sheep
C:\Users\LQB\Desktop\new_data\sheep\sheep_23.jpg,sheep
C:\Users\LQB\Desktop\new_data\sheep\sheep_24.jpg,sheep
C:\Users\LQB\Desktop\new_data\sheep\sheep_26.jpg,sheep
C:\Users\LQB\Desktop\new_data\sheep\sheep_27.jpg,sheep
C:\Users\LQB\Desktop\new_data\sheep\sheep_30.jpg,sheep
C:\Users\LQB\Desktop\new_data\sheep\sheep_31.jpg,sheep
C:\Users\LQB\Desktop\new_data\sheep\sheep_32.jpg,sheep
C:\Users\LQB\Desktop\new_data\sheep\sheep_33.jpg,sheep
C:\Users\LQB\Desktop\new_data\sheep\sheep_34.jpg,sheep
C:\Users\LQB\Desktop\new_data\sheep\sheep_35.jpg,sheep
C:\Users\LQB\Desktop\new_data\sheep\sheep_36.jpg,sheep
C:\Users\LQB\Desktop\new_data\sheep\sheep_37.jpg,sheep
C:\Users\LQB\Desktop\new_data\sheep\sheep_38.jpg,sheep
C:\Users\LQB\Desktop\new_data\sheep\sheep_39.jpg,sheep
C:\Users\LQB\Desktop\new_data\sheep\sheep_4.jpg,sheep
C:\Users\LQB\Desktop\new_data\sheep\sheep_40.jpg,sheep
C:\Users\LQB\Desktop\new_data\sheep\sheep_41.jpg,sheep
C:\Users\LQB\Desktop\new_data\sheep\sheep_42.jpg,sheep
C:\Users\LQB\Desktop\new_data\sheep\sheep_43.jpg,sheep
C:\Users\LQB\Desktop\new_data\sheep\sheep_44.jpg,sheep
C:\Users\LQB\Desktop\new_data\sheep\sheep_45.jpg,sheep
C:\Users\LQB\Desktop\new_data\sheep\sheep_46.jpg,sheep
C:\Users\LQB\Desktop\new_data\sheep\sheep_47.jpg,sheep
C:\Users\LQB\Desktop\new_data\sheep\sheep_48.jpg,sheep
C:\Users\LQB\Desktop\new_data\sheep\sheep_49.jpg,sheep
C:\Users\LQB\Desktop\new_data\sheep\sheep_5.jpg,sheep
C:\Users\LQB\Desktop\new_data\sheep\sheep_50.jpg,sheep
C:\Users\LQB\Desktop\new_data\sheep\sheep_51.jpg,sheep
C:\Users\LQB\Desktop\new_data\sheep\sheep_52.jpg,sheep
C:\Users\LQB\Desktop\new_data\sheep\sheep_53.jpg,sheep
C:\Users\LQB\Desktop\new_data\sheep\sheep_55.jpg,sheep
C:\Users\LQB\Desktop\new_data\sheep\sheep_56.jpg,sheep
C:\Users\LQB\Desktop\new_data\sheep\sheep_57.jpg,sheep
C:\Users\LQB\Desktop\new_data\sheep\sheep_58.jpg,sheep
C:\Users\LQB\Desktop\new_data\sheep\sheep_59.jpg,sheep
C:\Users\LQB\Desktop\new_data\sheep\sheep_6.jpg,sheep
C:\Users\LQB\Desktop\new_data\sheep\sheep_60.jpg,sheep
C:\Users\LQB\Desktop\new_data\sheep\sheep_61.jpg,sheep
C:\Users\LQB\Desktop\new_data\sheep\sheep_62.jpg,sheep
C:\Users\LQB\Desktop\new_data\sheep\sheep_63.jpg,sheep
C:\Users\LQB\Desktop\new_data\sheep\sheep_64.jpg,sheep
C:\Users\LQB\Desktop\new_data\sheep\sheep_65.jpg,sheep
C:\Users\LQB\Desktop\new_data\sheep\sheep_66.jpg,sheep
C:\Users\LQB\Desktop\new_data\sheep\sheep_67.jpg,sheep
C:\Users\LQB\Desktop\new_data\sheep\sheep_68.jpg,sheep
C:\Users\LQB\Desktop\new_data\sheep\sheep_69.jpg,sheep
C:\Users\LQB\Desktop\new_data\sheep\sheep_7.jpg,sheep
C:\Users\LQB\Desktop\new_data\sheep\sheep_70.jpg,sheep
C:\Users\LQB\Desktop\new_data\sheep\sheep_71.jpg,sheep
C:\Users\LQB\Desktop\new_data\sheep\sheep_72.jpg,sheep
C:\Users\LQB\Desktop\new_data\sheep\sheep_73.jpg,sheep
C:\Users\LQB\Desktop\new_data\sheep\sheep_74.jpg,sheep
C:\Users\LQB\Desktop\new_data\sheep\sheep_75.jpg,sheep
C:\Users\LQB\Desktop\new_data\sheep\sheep_76.jpg,sheep
C:\Users\LQB\Desktop\new_data\sheep\sheep_78.jpg,sheep
C:\Users\LQB\Desktop\new_data\sheep\sheep_79.jpg,sheep
C:\Users\LQB\Desktop\new_data\sheep\sheep_8.jpg,sheep
C:\Users\LQB\Desktop\new_data\sheep\sheep_80.jpg,sheep
C:\Users\LQB\Desktop\new_data\sheep\sheep_81.jpg,sheep
C:\Users\LQB\Desktop\new_data\sheep\sheep_82.jpg,sheep
C:\Users\LQB\Desktop\new_data\sheep\sheep_83.jpg,sheep
C:\Users\LQB\Desktop\new_data\sheep\sheep_84.jpg,sheep
C:\Users\LQB\Desktop\new_data\sheep\sheep_85.jpg,sheep
C:\Users\LQB\Desktop\new_data\sheep\sheep_86.jpg,sheep
C:\Users\LQB\Desktop\new_data\sheep\sheep_87.jpg,sheep
C:\Users\LQB\Desktop\new_data\sheep\sheep_88.jpg,sheep
C:\Users\LQB\Desktop\new_data\sheep\sheep_89.jpg,sheep
C:\Users\LQB\Desktop\new_data\sheep\sheep_9.jpg,sheep
C:\Users\LQB\Desktop\new_data\sheep\sheep_90.jpg,sheep
C:\Users\LQB\Desktop\new_data\statue\statue_1.jpg,statue
C:\Users\LQB\Desktop\new_data\statue\statue_10.jpg,statue
C:\Users\LQB\Desktop\new_data\statue\statue_11.jpg,statue
C:\Users\LQB\Desktop\new_data\statue\statue_12.jpg,statue
C:\Users\LQB\Desktop\new_data\statue\statue_13.jpg,statue
C:\Users\LQB\Desktop\new_data\statue\statue_14.jpg,statue
C:\Users\LQB\Desktop\new_data\statue\statue_15.jpg,statue
C:\Users\LQB\Desktop\new_data\statue\statue_16.jpg,statue
C:\Users\LQB\Desktop\new_data\statue\statue_18.jpg,statue
C:\Users\LQB\Desktop\new_data\statue\statue_19.jpg,statue
C:\Users\LQB\Desktop\new_data\statue\statue_20.jpg,statue
C:\Users\LQB\Desktop\new_data\statue\statue_21.jpg,statue
C:\Users\LQB\Desktop\new_data\statue\statue_22.jpg,statue
C:\Users\LQB\Desktop\new_data\statue\statue_23.jpg,statue
C:\Users\LQB\Desktop\new_data\statue\statue_24.jpg,statue
C:\Users\LQB\Desktop\new_data\statue\statue_26.jpg,statue
C:\Users\LQB\Desktop\new_data\statue\statue_27.jpg,statue
C:\Users\LQB\Desktop\new_data\statue\statue_28.jpg,statue
C:\Users\LQB\Desktop\new_data\statue\statue_29.jpg,statue
C:\Users\LQB\Desktop\new_data\statue\statue_3.jpg,statue
C:\Users\LQB\Desktop\new_data\statue\statue_30.jpg,statue
C:\Users\LQB\Desktop\new_data\statue\statue_32.jpg,statue
C:\Users\LQB\Desktop\new_data\statue\statue_33.jpg,statue
C:\Users\LQB\Desktop\new_data\statue\statue_34.jpg,statue
C:\Users\LQB\Desktop\new_data\statue\statue_35.jpg,statue
C:\Users\LQB\Desktop\new_data\statue\statue_36.jpg,statue
C:\Users\LQB\Desktop\new_data\statue\statue_37.jpg,statue
C:\Users\LQB\Desktop\new_data\statue\statue_38.jpg,statue
C:\Users\LQB\Desktop\new_data\statue\statue_39.jpg,statue
C:\Users\LQB\Desktop\new_data\statue\statue_4.jpg,statue
C:\Users\LQB\Desktop\new_data\statue\statue_40.jpg,statue
C:\Users\LQB\Desktop\new_data\statue\statue_41.jpg,statue
C:\Users\LQB\Desktop\new_data\statue\statue_43.jpg,statue
C:\Users\LQB\Desktop\new_data\statue\statue_44.jpg,statue
C:\Users\LQB\Desktop\new_data\statue\statue_45.jpg,statue
C:\Users\LQB\Desktop\new_data\statue\statue_46.jpg,statue
C:\Users\LQB\Desktop\new_data\statue\statue_47.jpg,statue
C:\Users\LQB\Desktop\new_data\statue\statue_48.jpg,statue
C:\Users\LQB\Desktop\new_data\statue\statue_49.jpg,statue
C:\Users\LQB\Desktop\new_data\statue\statue_5.jpg,statue
C:\Users\LQB\Desktop\new_data\statue\statue_50.jpg,statue
C:\Users\LQB\Desktop\new_data\statue\statue_51.jpg,statue
C:\Users\LQB\Desktop\new_data\statue\statue_52.jpg,statue
C:\Users\LQB\Desktop\new_data\statue\statue_54.jpg,statue
C:\Users\LQB\Desktop\new_data\statue\statue_55.jpg,statue
C:\Users\LQB\Desktop\new_data\statue\statue_56.jpg,statue
C:\Users\LQB\Desktop\new_data\statue\statue_57.jpg,statue
C:\Users\LQB\Desktop\new_data\statue\statue_58.jpg,statue
C:\Users\LQB\Desktop\new_data\statue\statue_59.jpg,statue
C:\Users\LQB\Desktop\new_data\statue\statue_6.jpg,statue
C:\Users\LQB\Desktop\new_data\statue\statue_60.jpg,statue
C:\Users\LQB\Desktop\new_data\statue\statue_62.jpg,statue
C:\Users\LQB\Desktop\new_data\statue\statue_63.jpg,statue
C:\Users\LQB\Desktop\new_data\statue\statue_64.jpg,statue
C:\Users\LQB\Desktop\new_data\statue\statue_66.jpg,statue
C:\Users\LQB\Desktop\new_data\statue\statue_67.jpg,statue
C:\Users\LQB\Desktop\new_data\statue\statue_69.jpg,statue
C:\Users\LQB\Desktop\new_data\statue\statue_7.jpg,statue
C:\Users\LQB\Desktop\new_data\statue\statue_70.jpg,statue
C:\Users\LQB\Desktop\new_data\statue\statue_71.jpg,statue
C:\Users\LQB\Desktop\new_data\statue\statue_72.jpg,statue
C:\Users\LQB\Desktop\new_data\statue\statue_73.jpg,statue
C:\Users\LQB\Desktop\new_data\statue\statue_74.jpg,statue
C:\Users\LQB\Desktop\new_data\statue\statue_75.jpg,statue
C:\Users\LQB\Desktop\new_data\statue\statue_76.jpg,statue
C:\Users\LQB\Desktop\new_data\statue\statue_77.jpg,statue
C:\Users\LQB\Desktop\new_data\statue\statue_78.jpg,statue
C:\Users\LQB\Desktop\new_data\statue\statue_79.jpg,statue
C:\Users\LQB\Desktop\new_data\statue\statue_8.jpg,statue
C:\Users\LQB\Desktop\new_data\statue\statue_80.jpg,statue
C:\Users\LQB\Desktop\new_data\statue\statue_81.jpg,statue
C:\Users\LQB\Desktop\new_data\statue\statue_82.jpg,statue
C:\Users\LQB\Desktop\new_data\statue\statue_83.jpg,statue
C:\Users\LQB\Desktop\new_data\statue\statue_84.jpg,statue
C:\Users\LQB\Desktop\new_data\statue\statue_85.jpg,statue
C:\Users\LQB\Desktop\new_data\statue\statue_87.jpg,statue
C:\Users\LQB\Desktop\new_data\statue\statue_88.jpg,statue
C:\Users\LQB\Desktop\new_data\statue\statue_89.jpg,statue
C:\Users\LQB\Desktop\new_data\statue\statue_9.jpg,statue
C:\Users\LQB\Desktop\new_data\statue\statue_90.jpg,statue
C:\Users\LQB\Desktop\new_data\tiger\tiger_1.jpg,tiger
C:\Users\LQB\Desktop\new_data\tiger\tiger_10.jpg,tiger
C:\Users\LQB\Desktop\new_data\tiger\tiger_11.jpg,tiger
C:\Users\LQB\Desktop\new_data\tiger\tiger_12.jpg,tiger
C:\Users\LQB\Desktop\new_data\tiger\tiger_13.jpg,tiger
C:\Users\LQB\Desktop\new_data\tiger\tiger_14.jpg,tiger
C:\Users\LQB\Desktop\new_data\tiger\tiger_15.jpg,tiger
C:\Users\LQB\Desktop\new_data\tiger\tiger_16.jpg,tiger
C:\Users\LQB\Desktop\new_data\tiger\tiger_17.jpg,tiger
C:\Users\LQB\Desktop\new_data\tiger\tiger_18.jpg,tiger
C:\Users\LQB\Desktop\new_data\tiger\tiger_19.jpg,tiger
C:\Users\LQB\Desktop\new_data\tiger\tiger_2.jpg,tiger
C:\Users\LQB\Desktop\new_data\tiger\tiger_20.jpg,tiger
C:\Users\LQB\Desktop\new_data\tiger\tiger_22.jpg,tiger
C:\Users\LQB\Desktop\new_data\tiger\tiger_23.jpg,tiger
C:\Users\LQB\Desktop\new_data\tiger\tiger_24.jpg,tiger
C:\Users\LQB\Desktop\new_data\tiger\tiger_25.jpg,tiger
C:\Users\LQB\Desktop\new_data\tiger\tiger_26.jpg,tiger
C:\Users\LQB\Desktop\new_data\tiger\tiger_27.jpg,tiger
C:\Users\LQB\Desktop\new_data\tiger\tiger_28.jpg,tiger
C:\Users\LQB\Desktop\new_data\tiger\tiger_29.jpg,tiger
C:\Users\LQB\Desktop\new_data\tiger\tiger_3.jpg,tiger
C:\Users\LQB\Desktop\new_data\tiger\tiger_30.jpg,tiger
C:\Users\LQB\Desktop\new_data\tiger\tiger_31.jpg,tiger
C:\Users\LQB\Desktop\new_data\tiger\tiger_32.jpg,tiger
C:\Users\LQB\Desktop\new_data\tiger\tiger_33.jpg,tiger
C:\Users\LQB\Desktop\new_data\tiger\tiger_34.jpg,tiger
C:\Users\LQB\Desktop\new_data\tiger\tiger_35.jpg,tiger
C:\Users\LQB\Desktop\new_data\tiger\tiger_36.jpg,tiger
C:\Users\LQB\Desktop\new_data\tiger\tiger_37.jpg,tiger
C:\Users\LQB\Desktop\new_data\tiger\tiger_39.jpg,tiger
C:\Users\LQB\Desktop\new_data\tiger\tiger_4.jpg,tiger
C:\Users\LQB\Desktop\new_data\tiger\tiger_40.jpg,tiger
C:\Users\LQB\Desktop\new_data\tiger\tiger_41.jpg,tiger
C:\Users\LQB\Desktop\new_data\tiger\tiger_42.jpg,tiger
C:\Users\LQB\Desktop\new_data\tiger\tiger_43.jpg,tiger
C:\Users\LQB\Desktop\new_data\tiger\tiger_44.jpg,tiger
C:\Users\LQB\Desktop\new_data\tiger\tiger_45.jpg,tiger
C:\Users\LQB\Desktop\new_data\tiger\tiger_46.jpg,tiger
C:\Users\LQB\Desktop\new_data\tiger\tiger_47.jpg,tiger
C:\Users\LQB\Desktop\new_data\tiger\tiger_48.jpg,tiger
C:\Users\LQB\Desktop\new_data\tiger\tiger_49.jpg,tiger
C:\Users\LQB\Desktop\new_data\tiger\tiger_5.jpg,tiger
C:\Users\LQB\Desktop\new_data\tiger\tiger_50.jpg,tiger
C:\Users\LQB\Desktop\new_data\tiger\tiger_51.jpg,tiger
C:\Users\LQB\Desktop\new_data\tiger\tiger_52.jpg,tiger
C:\Users\LQB\Desktop\new_data\tiger\tiger_53.jpg,tiger
C:\Users\LQB\Desktop\new_data\tiger\tiger_54.jpg,tiger
C:\Users\LQB\Desktop\new_data\tiger\tiger_55.jpg,tiger
C:\Users\LQB\Desktop\new_data\tiger\tiger_57.jpg,tiger
C:\Users\LQB\Desktop\new_data\tiger\tiger_58.jpg,tiger
C:\Users\LQB\Desktop\new_data\tiger\tiger_59.jpg,tiger
C:\Users\LQB\Desktop\new_data\tiger\tiger_6.jpg,tiger
C:\Users\LQB\Desktop\new_data\tiger\tiger_60.jpg,tiger
C:\Users\LQB\Desktop\new_data\tiger\tiger_61.jpg,tiger
C:\Users\LQB\Desktop\new_data\tiger\tiger_62.jpg,tiger
C:\Users\LQB\Desktop\new_data\tiger\tiger_63.jpg,tiger
C:\Users\LQB\Desktop\new_data\tiger\tiger_64.jpg,tiger
C:\Users\LQB\Desktop\new_data\tiger\tiger_65.jpg,tiger
C:\Users\LQB\Desktop\new_data\tiger\tiger_67.jpg,tiger
C:\Users\LQB\Desktop\new_data\tiger\tiger_68.jpg,tiger
C:\Users\LQB\Desktop\new_data\tiger\tiger_69.jpg,tiger
C:\Users\LQB\Desktop\new_data\tiger\tiger_7.jpg,tiger
C:\Users\LQB\Desktop\new_data\tiger\tiger_70.jpg,tiger
C:\Users\LQB\Desktop\new_data\tiger\tiger_71.jpg,tiger
C:\Users\LQB\Desktop\new_data\tiger\tiger_72.jpg,tiger
C:\Users\LQB\Desktop\new_data\tiger\tiger_73.jpg,tiger
C:\Users\LQB\Desktop\new_data\tiger\tiger_74.jpg,tiger
C:\Users\LQB\Desktop\new_data\tiger\tiger_75.jpg,tiger
C:\Users\LQB\Desktop\new_data\tiger\tiger_77.jpg,tiger
C:\Users\LQB\Desktop\new_data\tiger\tiger_78.jpg,tiger
C:\Users\LQB\Desktop\new_data\tiger\tiger_79.jpg,tiger
C:\Users\LQB\Desktop\new_data\tiger\tiger_8.jpg,tiger
C:\Users\LQB\Desktop\new_data\tiger\tiger_80.jpg,tiger
C:\Users\LQB\Desktop\new_data\tiger\tiger_81.jpg,tiger
C:\Users\LQB\Desktop\new_data\tiger\tiger_82.jpg,tiger
C:\Users\LQB\Desktop\new_data\tiger\tiger_83.jpg,tiger
C:\Users\LQB\Desktop\new_data\tiger\tiger_84.jpg,tiger
C:\Users\LQB\Desktop\new_data\tiger\tiger_85.jpg,tiger
C:\Users\LQB\Desktop\new_data\tiger\tiger_86.jpg,tiger
C:\Users\LQB\Desktop\new_data\tiger\tiger_87.jpg,tiger
C:\Users\LQB\Desktop\new_data\tiger\tiger_88.jpg,tiger
C:\Users\LQB\Desktop\new_data\tiger\tiger_89.jpg,tiger
C:\Users\LQB\Desktop\new_data\tiger\tiger_9.jpg,tiger
C:\Users\LQB\Desktop\new_data\tiger\tiger_90.jpg,tiger
C:\Users\LQB\Desktop\new_data\tower\tower_101.jpg,tower
C:\Users\LQB\Desktop\new_data\tower\tower_102.jpg,tower
C:\Users\LQB\Desktop\new_data\tower\tower_103.jpg,tower
C:\Users\LQB\Desktop\new_data\tower\tower_105.jpg,tower
C:\Users\LQB\Desktop\new_data\tower\tower_106.jpg,tower
C:\Users\LQB\Desktop\new_data\tower\tower_108.jpg,tower
C:\Users\LQB\Desktop\new_data\tower\tower_109.jpg,tower
C:\Users\LQB\Desktop\new_data\tower\tower_110.jpg,tower
C:\Users\LQB\Desktop\new_data\tower\tower_111.jpg,tower
C:\Users\LQB\Desktop\new_data\tower\tower_112.jpg,tower
C:\Users\LQB\Desktop\new_data\tower\tower_113.jpg,tower
C:\Users\LQB\Desktop\new_data\tower\tower_114.jpg,tower
C:\Users\LQB\Desktop\new_data\tower\tower_115.jpg,tower
C:\Users\LQB\Desktop\new_data\tower\tower_116.jpg,tower
C:\Users\LQB\Desktop\new_data\tower\tower_117.jpg,tower
C:\Users\LQB\Desktop\new_data\tower\tower_118.jpg,tower
C:\Users\LQB\Desktop\new_data\tower\tower_119.jpg,tower
C:\Users\LQB\Desktop\new_data\tower\tower_120.jpg,tower
C:\Users\LQB\Desktop\new_data\tower\tower_121.jpg,tower
C:\Users\LQB\Desktop\new_data\tower\tower_123.jpg,tower
C:\Users\LQB\Desktop\new_data\tower\tower_124.jpg,tower
C:\Users\LQB\Desktop\new_data\tower\tower_125.jpg,tower
C:\Users\LQB\Desktop\new_data\tower\tower_126.jpg,tower
C:\Users\LQB\Desktop\new_data\tower\tower_127.jpg,tower
C:\Users\LQB\Desktop\new_data\tower\tower_128.jpg,tower
C:\Users\LQB\Desktop\new_data\tower\tower_129.jpg,tower
C:\Users\LQB\Desktop\new_data\tower\tower_130.jpg,tower
C:\Users\LQB\Desktop\new_data\tower\tower_32.jpg,tower
C:\Users\LQB\Desktop\new_data\tower\tower_33.jpg,tower
C:\Users\LQB\Desktop\new_data\tower\tower_34.jpg,tower
C:\Users\LQB\Desktop\new_data\tower\tower_35.jpg,tower
C:\Users\LQB\Desktop\new_data\tower\tower_36.jpg,tower
C:\Users\LQB\Desktop\new_data\tower\tower_37.jpg,tower
C:\Users\LQB\Desktop\new_data\tower\tower_38.jpg,tower
C:\Users\LQB\Desktop\new_data\tower\tower_39.jpg,tower
C:\Users\LQB\Desktop\new_data\tower\tower_40.jpg,tower
C:\Users\LQB\Desktop\new_data\tower\tower_42.jpg,tower
C:\Users\LQB\Desktop\new_data\tower\tower_43.jpg,tower
C:\Users\LQB\Desktop\new_data\tower\tower_44.jpg,tower
C:\Users\LQB\Desktop\new_data\tower\tower_45.jpg,tower
C:\Users\LQB\Desktop\new_data\tower\tower_46.jpg,tower
C:\Users\LQB\Desktop\new_data\tower\tower_47.jpg,tower
C:\Users\LQB\Desktop\new_data\tower\tower_48.jpg,tower
C:\Users\LQB\Desktop\new_data\tower\tower_49.jpg,tower
C:\Users\LQB\Desktop\new_data\tower\tower_50.jpg,tower
C:\Users\LQB\Desktop\new_data\tower\tower_52.jpg,tower
C:\Users\LQB\Desktop\new_data\tower\tower_53.jpg,tower
C:\Users\LQB\Desktop\new_data\tower\tower_54.jpg,tower
C:\Users\LQB\Desktop\new_data\tower\tower_55.jpg,tower
C:\Users\LQB\Desktop\new_data\tower\tower_56.jpg,tower
C:\Users\LQB\Desktop\new_data\tower\tower_57.jpg,tower
C:\Users\LQB\Desktop\new_data\tower\tower_58.jpg,tower
C:\Users\LQB\Desktop\new_data\tower\tower_59.jpg,tower
C:\Users\LQB\Desktop\new_data\tower\tower_60.jpg,tower
C:\Users\LQB\Desktop\new_data\tower\tower_61.jpg,tower
C:\Users\LQB\Desktop\new_data\tower\tower_62.jpg,tower
C:\Users\LQB\Desktop\new_data\tower\tower_63.jpg,tower
C:\Users\LQB\Desktop\new_data\tower\tower_65.jpg,tower
C:\Users\LQB\Desktop\new_data\tower\tower_66.jpg,tower
C:\Users\LQB\Desktop\new_data\tower\tower_67.jpg,tower
C:\Users\LQB\Desktop\new_data\tower\tower_68.jpg,tower
C:\Users\LQB\Desktop\new_data\tower\tower_69.jpg,tower
C:\Users\LQB\Desktop\new_data\tower\tower_70.jpg,tower
C:\Users\LQB\Desktop\new_data\tower\tower_71.jpg,tower
C:\Users\LQB\Desktop\new_data\tower\tower_72.jpg,tower
C:\Users\LQB\Desktop\new_data\tower\tower_74.jpg,tower
C:\Users\LQB\Desktop\new_data\tower\tower_75.jpg,tower
C:\Users\LQB\Desktop\new_data\tower\tower_76.jpg,tower
C:\Users\LQB\Desktop\new_data\tower\tower_77.jpg,tower
C:\Users\LQB\Desktop\new_data\tower\tower_78.jpg,tower
C:\Users\LQB\Desktop\new_data\tower\tower_79.jpg,tower
C:\Users\LQB\Desktop\new_data\tower\tower_80.jpg,tower
C:\Users\LQB\Desktop\new_data\tower\tower_81.jpg,tower
C:\Users\LQB\Desktop\new_data\tower\tower_82.jpg,tower
C:\Users\LQB\Desktop\new_data\tower\tower_83.jpg,tower
C:\Users\LQB\Desktop\new_data\tower\tower_84.jpg,tower
C:\Users\LQB\Desktop\new_data\tower\tower_85.jpg,tower
C:\Users\LQB\Desktop\new_data\tower\tower_86.jpg,tower
C:\Users\LQB\Desktop\new_data\tower\tower_87.jpg,tower
C:\Users\LQB\Desktop\new_data\tower\tower_88.jpg,tower
C:\Users\LQB\Desktop\new_data\tower\tower_89.jpg,tower
C:\Users\LQB\Desktop\new_data\tower\tower_90.jpg,tower
C:\Users\LQB\Desktop\new_data\train\train_10.jpg,train
C:\Users\LQB\Desktop\new_data\train\train_11.jpg,train
C:\Users\LQB\Desktop\new_data\train\train_12.jpg,train
C:\Users\LQB\Desktop\new_data\train\train_13.jpg,train
C:\Users\LQB\Desktop\new_data\train\train_14.jpg,train
C:\Users\LQB\Desktop\new_data\train\train_15.jpg,train
C:\Users\LQB\Desktop\new_data\train\train_16.jpg,train
C:\Users\LQB\Desktop\new_data\train\train_2.jpg,train
C:\Users\LQB\Desktop\new_data\train\train_20.jpg,train
C:\Users\LQB\Desktop\new_data\train\train_21.jpg,train
C:\Users\LQB\Desktop\new_data\train\train_22.jpg,train
C:\Users\LQB\Desktop\new_data\train\train_23.jpg,train
C:\Users\LQB\Desktop\new_data\train\train_25.jpg,train
C:\Users\LQB\Desktop\new_data\train\train_26.jpg,train
C:\Users\LQB\Desktop\new_data\train\train_27.jpg,train
C:\Users\LQB\Desktop\new_data\train\train_28.jpg,train
C:\Users\LQB\Desktop\new_data\train\train_29.jpg,train
C:\Users\LQB\Desktop\new_data\train\train_30.jpg,train
C:\Users\LQB\Desktop\new_data\train\train_31.jpg,train
C:\Users\LQB\Desktop\new_data\train\train_32.jpg,train
C:\Users\LQB\Desktop\new_data\train\train_33.jpg,train
C:\Users\LQB\Desktop\new_data\train\train_35.jpg,train
C:\Users\LQB\Desktop\new_data\train\train_37.jpg,train
C:\Users\LQB\Desktop\new_data\train\train_38.jpg,train
C:\Users\LQB\Desktop\new_data\train\train_39.jpg,train
C:\Users\LQB\Desktop\new_data\train\train_4.jpg,train
C:\Users\LQB\Desktop\new_data\train\train_40.jpg,train
C:\Users\LQB\Desktop\new_data\train\train_41.jpg,train
C:\Users\LQB\Desktop\new_data\train\train_43.jpg,train
C:\Users\LQB\Desktop\new_data\train\train_44.jpg,train
C:\Users\LQB\Desktop\new_data\train\train_45.jpg,train
C:\Users\LQB\Desktop\new_data\train\train_46.jpg,train
C:\Users\LQB\Desktop\new_data\train\train_47.jpg,train
C:\Users\LQB\Desktop\new_data\train\train_48.jpg,train
C:\Users\LQB\Desktop\new_data\train\train_49.jpg,train
C:\Users\LQB\Desktop\new_data\train\train_50.jpg,train
C:\Users\LQB\Desktop\new_data\train\train_51.jpg,train
C:\Users\LQB\Desktop\new_data\train\train_52.jpg,train
C:\Users\LQB\Desktop\new_data\train\train_53.jpg,train
C:\Users\LQB\Desktop\new_data\train\train_54.jpg,train
C:\Users\LQB\Desktop\new_data\train\train_55.jpg,train
C:\Users\LQB\Desktop\new_data\train\train_56.jpg,train
C:\Users\LQB\Desktop\new_data\train\train_57.jpg,train
C:\Users\LQB\Desktop\new_data\train\train_59.jpg,train
C:\Users\LQB\Desktop\new_data\train\train_6.jpg,train
C:\Users\LQB\Desktop\new_data\train\train_60.jpg,train
C:\Users\LQB\Desktop\new_data\train\train_61.jpg,train
C:\Users\LQB\Desktop\new_data\train\train_62.jpg,train
C:\Users\LQB\Desktop\new_data\train\train_63.jpg,train
C:\Users\LQB\Desktop\new_data\train\train_64.jpg,train
C:\Users\LQB\Desktop\new_data\train\train_65.jpg,train
C:\Users\LQB\Desktop\new_data\train\train_66.jpg,train
C:\Users\LQB\Desktop\new_data\train\train_67.jpg,train
C:\Users\LQB\Desktop\new_data\train\train_69.jpg,train
C:\Users\LQB\Desktop\new_data\train\train_70.jpg,train
C:\Users\LQB\Desktop\new_data\train\train_71.jpg,train
C:\Users\LQB\Desktop\new_data\train\train_72.jpg,train
C:\Users\LQB\Desktop\new_data\train\train_73.jpg,train
C:\Users\LQB\Desktop\new_data\train\train_74.jpg,train
C:\Users\LQB\Desktop\new_data\train\train_75.jpg,train
C:\Users\LQB\Desktop\new_data\train\train_76.jpg,train
C:\Users\LQB\Desktop\new_data\train\train_77.jpg,train
C:\Users\LQB\Desktop\new_data\train\train_78.jpg,train
C:\Users\LQB\Desktop\new_data\train\train_79.jpg,train
C:\Users\LQB\Desktop\new_data\train\train_8.jpg,train
C:\Users\LQB\Desktop\new_data\train\train_80.jpg,train
C:\Users\LQB\Desktop\new_data\train\train_81.jpg,train
C:\Users\LQB\Desktop\new_data\train\train_82.jpg,train
C:\Users\LQB\Desktop\new_data\train\train_84.jpg,train
C:\Users\LQB\Desktop\new_data\train\train_85.jpg,train
C:\Users\LQB\Desktop\new_data\train\train_86.jpg,train
C:\Users\LQB\Desktop\new_data\train\train_87.jpg,train
C:\Users\LQB\Desktop\new_data\train\train_88.jpg,train
C:\Users\LQB\Desktop\new_data\train\train_89.jpg,train
C:\Users\LQB\Desktop\new_data\train\train_9.jpg,train
C:\Users\LQB\Desktop\new_data\train\train_90.jpg,train
C:\Users\LQB\Desktop\new_data\whale\whale_1.jpg,whale
C:\Users\LQB\Desktop\new_data\whale\whale_10.jpg,whale
C:\Users\LQB\Desktop\new_data\whale\whale_11.jpg,whale
C:\Users\LQB\Desktop\new_data\whale\whale_12.jpg,whale
C:\Users\LQB\Desktop\new_data\whale\whale_13.jpg,whale
C:\Users\LQB\Desktop\new_data\whale\whale_14.jpg,whale
C:\Users\LQB\Desktop\new_data\whale\whale_15.jpg,whale
C:\Users\LQB\Desktop\new_data\whale\whale_2.jpg,whale
C:\Users\LQB\Desktop\new_data\whale\whale_20.jpg,whale
C:\Users\LQB\Desktop\new_data\whale\whale_21.jpg,whale
C:\Users\LQB\Desktop\new_data\whale\whale_22.jpg,whale
C:\Users\LQB\Desktop\new_data\whale\whale_23.jpg,whale
C:\Users\LQB\Desktop\new_data\whale\whale_24.jpg,whale
C:\Users\LQB\Desktop\new_data\whale\whale_25.jpg,whale
C:\Users\LQB\Desktop\new_data\whale\whale_27.jpg,whale
C:\Users\LQB\Desktop\new_data\whale\whale_28.jpg,whale
C:\Users\LQB\Desktop\new_data\whale\whale_29.jpg,whale
C:\Users\LQB\Desktop\new_data\whale\whale_3.jpg,whale
C:\Users\LQB\Desktop\new_data\whale\whale_30.jpg,whale
C:\Users\LQB\Desktop\new_data\whale\whale_32.jpg,whale
C:\Users\LQB\Desktop\new_data\whale\whale_33.jpg,whale
C:\Users\LQB\Desktop\new_data\whale\whale_35.jpg,whale
C:\Users\LQB\Desktop\new_data\whale\whale_36.jpg,whale
C:\Users\LQB\Desktop\new_data\whale\whale_37.jpg,whale
C:\Users\LQB\Desktop\new_data\whale\whale_38.jpg,whale
C:\Users\LQB\Desktop\new_data\whale\whale_39.jpg,whale
C:\Users\LQB\Desktop\new_data\whale\whale_40.jpg,whale
C:\Users\LQB\Desktop\new_data\whale\whale_41.jpg,whale
C:\Users\LQB\Desktop\new_data\whale\whale_42.jpg,whale
C:\Users\LQB\Desktop\new_data\whale\whale_43.jpg,whale
C:\Users\LQB\Desktop\new_data\whale\whale_44.jpg,whale
C:\Users\LQB\Desktop\new_data\whale\whale_45.jpg,whale
C:\Users\LQB\Desktop\new_data\whale\whale_46.jpg,whale
C:\Users\LQB\Desktop\new_data\whale\whale_47.jpg,whale
C:\Users\LQB\Desktop\new_data\whale\whale_48.jpg,whale
C:\Users\LQB\Desktop\new_data\whale\whale_49.jpg,whale
C:\Users\LQB\Desktop\new_data\whale\whale_5.jpg,whale
C:\Users\LQB\Desktop\new_data\whale\whale_50.jpg,whale
C:\Users\LQB\Desktop\new_data\whale\whale_51.jpg,whale
C:\Users\LQB\Desktop\new_data\whale\whale_52.jpg,whale
C:\Users\LQB\Desktop\new_data\whale\whale_53.jpg,whale
C:\Users\LQB\Desktop\new_data\whale\whale_54.jpg,whale
C:\Users\LQB\Desktop\new_data\whale\whale_55.jpg,whale
C:\Users\LQB\Desktop\new_data\whale\whale_56.jpg,whale
C:\Users\LQB\Desktop\new_data\whale\whale_57.jpg,whale
C:\Users\LQB\Desktop\new_data\whale\whale_58.jpg,whale
C:\Users\LQB\Desktop\new_data\whale\whale_59.jpg,whale
C:\Users\LQB\Desktop\new_data\whale\whale_6.jpg,whale
C:\Users\LQB\Desktop\new_data\whale\whale_60.jpg,whale
C:\Users\LQB\Desktop\new_data\whale\whale_61.jpg,whale
C:\Users\LQB\Desktop\new_data\whale\whale_62.jpg,whale
C:\Users\LQB\Desktop\new_data\whale\whale_63.jpg,whale
C:\Users\LQB\Desktop\new_data\whale\whale_64.jpg,whale
C:\Users\LQB\Desktop\new_data\whale\whale_65.jpg,whale
C:\Users\LQB\Desktop\new_data\whale\whale_66.jpg,whale
C:\Users\LQB\Desktop\new_data\whale\whale_67.jpg,whale
C:\Users\LQB\Desktop\new_data\whale\whale_68.jpg,whale
C:\Users\LQB\Desktop\new_data\whale\whale_69.jpg,whale
C:\Users\LQB\Desktop\new_data\whale\whale_7.jpg,whale
C:\Users\LQB\Desktop\new_data\whale\whale_70.jpg,whale
C:\Users\LQB\Desktop\new_data\whale\whale_71.jpg,whale
C:\Users\LQB\Desktop\new_data\whale\whale_72.jpg,whale
C:\Users\LQB\Desktop\new_data\whale\whale_73.jpg,whale
C:\Users\LQB\Desktop\new_data\whale\whale_74.jpg,whale
C:\Users\LQB\Desktop\new_data\whale\whale_75.jpg,whale
C:\Users\LQB\Desktop\new_data\whale\whale_76.jpg,whale
C:\Users\LQB\Desktop\new_data\whale\whale_77.jpg,whale
C:\Users\LQB\Desktop\new_data\whale\whale_78.jpg,whale
C:\Users\LQB\Desktop\new_data\whale\whale_79.jpg,whale
C:\Users\LQB\Desktop\new_data\whale\whale_8.jpg,whale
C:\Users\LQB\Desktop\new_data\whale\whale_80.jpg,whale
C:\Users\LQB\Desktop\new_data\whale\whale_81.jpg,whale
C:\Users\LQB\Desktop\new_data\whale\whale_82.jpg,whale
C:\Users\LQB\Desktop\new_data\whale\whale_83.jpg,whale
C:\Users\LQB\Desktop\new_data\whale\whale_84.jpg,whale
C:\Users\LQB\Desktop\new_data\whale\whale_85.jpg,whale
C:\Users\LQB\Desktop\new_data\whale\whale_86.jpg,whale
C:\Users\LQB\Desktop\new_data\whale\whale_87.jpg,whale
C:\Users\LQB\Desktop\new_data\whale\whale_88.jpg,whale
C:\Users\LQB\Desktop\new_data\whale\whale_89.jpg,whale
C:\Users\LQB\Desktop\new_data\whale\whale_9.jpg,whale
C:\Users\LQB\Desktop\new_data\whale\whale_90.jpg,whale
C:\Users\LQB\Desktop\new_data\zebra\zebra_1.jpg,zebra
C:\Users\LQB\Desktop\new_data\zebra\zebra_10.jpg,zebra
C:\Users\LQB\Desktop\new_data\zebra\zebra_11.jpg,zebra
C:\Users\LQB\Desktop\new_data\zebra\zebra_12.jpg,zebra
C:\Users\LQB\Desktop\new_data\zebra\zebra_13.jpg,zebra
C:\Users\LQB\Desktop\new_data\zebra\zebra_14.jpg,zebra
C:\Users\LQB\Desktop\new_data\zebra\zebra_15.jpg,zebra
C:\Users\LQB\Desktop\new_data\zebra\zebra_16.jpg,zebra
C:\Users\LQB\Desktop\new_data\zebra\zebra_17.jpg,zebra
C:\Users\LQB\Desktop\new_data\zebra\zebra_18.jpg,zebra
C:\Users\LQB\Desktop\new_data\zebra\zebra_19.jpg,zebra
C:\Users\LQB\Desktop\new_data\zebra\zebra_2.jpg,zebra
C:\Users\LQB\Desktop\new_data\zebra\zebra_20.jpg,zebra
C:\Users\LQB\Desktop\new_data\zebra\zebra_21.jpg,zebra
C:\Users\LQB\Desktop\new_data\zebra\zebra_22.jpg,zebra
C:\Users\LQB\Desktop\new_data\zebra\zebra_23.jpg,zebra
C:\Users\LQB\Desktop\new_data\zebra\zebra_24.jpg,zebra
C:\Users\LQB\Desktop\new_data\zebra\zebra_25.jpg,zebra
C:\Users\LQB\Desktop\new_data\zebra\zebra_26.jpg,zebra
C:\Users\LQB\Desktop\new_data\zebra\zebra_27.jpg,zebra
C:\Users\LQB\Desktop\new_data\zebra\zebra_28.jpg,zebra
C:\Users\LQB\Desktop\new_data\zebra\zebra_29.jpg,zebra
C:\Users\LQB\Desktop\new_data\zebra\zebra_3.jpg,zebra
C:\Users\LQB\Desktop\new_data\zebra\zebra_30.jpg,zebra
C:\Users\LQB\Desktop\new_data\zebra\zebra_31.jpg,zebra
C:\Users\LQB\Desktop\new_data\zebra\zebra_32.jpg,zebra
C:\Users\LQB\Desktop\new_data\zebra\zebra_33.jpg,zebra
C:\Users\LQB\Desktop\new_data\zebra\zebra_34.jpg,zebra
C:\Users\LQB\Desktop\new_data\zebra\zebra_35.jpg,zebra
C:\Users\LQB\Desktop\new_data\zebra\zebra_36.jpg,zebra
C:\Users\LQB\Desktop\new_data\zebra\zebra_37.jpg,zebra
C:\Users\LQB\Desktop\new_data\zebra\zebra_38.jpg,zebra
C:\Users\LQB\Desktop\new_data\zebra\zebra_39.jpg,zebra
C:\Users\LQB\Desktop\new_data\zebra\zebra_4.jpg,zebra
C:\Users\LQB\Desktop\new_data\zebra\zebra_40.jpg,zebra
C:\Users\LQB\Desktop\new_data\zebra\zebra_41.jpg,zebra
C:\Users\LQB\Desktop\new_data\zebra\zebra_42.jpg,zebra
C:\Users\LQB\Desktop\new_data\zebra\zebra_43.jpg,zebra
C:\Users\LQB\Desktop\new_data\zebra\zebra_44.jpg,zebra
C:\Users\LQB\Desktop\new_data\zebra\zebra_45.jpg,zebra
C:\Users\LQB\Desktop\new_data\zebra\zebra_46.jpg,zebra
C:\Users\LQB\Desktop\new_data\zebra\zebra_47.jpg,zebra
C:\Users\LQB\Desktop\new_data\zebra\zebra_49.jpg,zebra
C:\Users\LQB\Desktop\new_data\zebra\zebra_5.jpg,zebra
C:\Users\LQB\Desktop\new_data\zebra\zebra_50.jpg,zebra
C:\Users\LQB\Desktop\new_data\zebra\zebra_51.jpg,zebra
C:\Users\LQB\Desktop\new_data\zebra\zebra_52.jpg,zebra
C:\Users\LQB\Desktop\new_data\zebra\zebra_53.jpg,zebra
C:\Users\LQB\Desktop\new_data\zebra\zebra_54.jpg,zebra
C:\Users\LQB\Desktop\new_data\zebra\zebra_55.jpg,zebra
C:\Users\LQB\Desktop\new_data\zebra\zebra_56.jpg,zebra
C:\Users\LQB\Desktop\new_data\zebra\zebra_57.jpg,zebra
C:\Users\LQB\Desktop\new_data\zebra\zebra_58.jpg,zebra
C:\Users\LQB\Desktop\new_data\zebra\zebra_59.jpg,zebra
C:\Users\LQB\Desktop\new_data\zebra\zebra_6.jpg,zebra
C:\Users\LQB\Desktop\new_data\zebra\zebra_60.jpg,zebra
C:\Users\LQB\Desktop\new_data\zebra\zebra_61.jpg,zebra
C:\Users\LQB\Desktop\new_data\zebra\zebra_62.jpg,zebra
C:\Users\LQB\Desktop\new_data\zebra\zebra_63.jpg,zebra
C:\Users\LQB\Desktop\new_data\zebra\zebra_64.jpg,zebra
C:\Users\LQB\Desktop\new_data\zebra\zebra_65.jpg,zebra
C:\Users\LQB\Desktop\new_data\zebra\zebra_66.jpg,zebra
C:\Users\LQB\Desktop\new_data\zebra\zebra_67.jpg,zebra
C:\Users\LQB\Desktop\new_data\zebra\zebra_68.jpg,zebra
C:\Users\LQB\Desktop\new_data\zebra\zebra_7.jpg,zebra
C:\Users\LQB\Desktop\new_data\zebra\zebra_70.jpg,zebra
C:\Users\LQB\Desktop\new_data\zebra\zebra_71.jpg,zebra
C:\Users\LQB\Desktop\new_data\zebra\zebra_72.jpg,zebra
C:\Users\LQB\Desktop\new_data\zebra\zebra_73.jpg,zebra
C:\Users\LQB\Desktop\new_data\zebra\zebra_74.jpg,zebra
C:\Users\LQB\Desktop\new_data\zebra\zebra_75.jpg,zebra
C:\Users\LQB\Desktop\new_data\zebra\zebra_76.jpg,zebra
C:\Users\LQB\Desktop\new_data\zebra\zebra_77.jpg,zebra
C:\Users\LQB\Desktop\new_data\zebra\zebra_78.jpg,zebra
C:\Users\LQB\Desktop\new_data\zebra\zebra_79.jpg,zebra
C:\Users\LQB\Desktop\new_data\zebra\zebra_8.jpg,zebra
C:\Users\LQB\Desktop\new_data\zebra\zebra_80.jpg,zebra
C:\Users\LQB\Desktop\new_data\zebra\zebra_81.jpg,zebra
C:\Users\LQB\Desktop\new_data\zebra\zebra_82.jpg,zebra
C:\Users\LQB\Desktop\new_data\zebra\zebra_83.jpg,zebra
C:\Users\LQB\Desktop\new_data\zebra\zebra_84.jpg,zebra
C:\Users\LQB\Desktop\new_data\zebra\zebra_85.jpg,zebra
C:\Users\LQB\Desktop\new_data\zebra\zebra_86.jpg,zebra
C:\Users\LQB\Desktop\new_data\zebra\zebra_87.jpg,zebra
C:\Users\LQB\Desktop\new_data\zebra\zebra_88.jpg,zebra
C:\Users\LQB\Desktop\new_data\zebra\zebra_89.jpg,zebra
C:\Users\LQB\Desktop\new_data\zebra\zebra_9.jpg,zebra
C:\Users\LQB\Desktop\new_data\zebra\zebra_90.jpg,zebra
