F:\Practice\train11\2f83edaf-2937-3fd6-9330-61a633c71372.jpg,14
F:\Practice\train11\0c44d3d4-26f0-3799-afe1-3e3ecd83e35b.jpg,14
F:\Practice\train11\2ad61c12-80c5-3260-a996-5bb12ef624e8.jpg,14
F:\Practice\train11\75fcd95f-65e6-30be-a05c-c6e1e01fcb19.jpg,14
F:\Practice\train11\df2badde-16bf-36e6-9737-8796ba7a.jpg,8
F:\Practice\train11\92073306-3118-3eaa-9bf5-0e1307f333fc.jpg,14
F:\Practice\train11\13f950de-2115-3528-be10-fab89435.jpg,8
F:\Practice\train11\d689128c-36ec-3d04-8e41-3da326a0ccb1.jpg,14
F:\Practice\train11\12dfaf19-38d2-3229-94bc-a7fdc79fcbb4.jpg,14
F:\Practice\train11\56279346-043a-3b65-b059-5afbb6000829.jpg,16
F:\Practice\train11\07fd924d-04e9-3493-a79e-0b5e3875.jpg,8
F:\Practice\train11\a15cfaee-0c9b-3ab4-8701-7ce594073a1c.jpg,2
F:\Practice\train11\9a61af42-9d33-32ad-ba52-e91eb94ffec8.jpg,6
F:\Practice\train11\4a0189ec-2618-315e-82d2-a042da64e2a8.jpg,2
F:\Practice\train11\a878767b-3307-34be-bf3c-9a1b2b46.jpg,8
F:\Practice\train11\d8f76e11-3dc3-392d-ac98-289492654756.jpg,14
F:\Practice\train11\3b134abd-08f0-3a7b-b9e2-4a2e9126c2e0.jpg,16
F:\Practice\train11\e6b96466-5f3d-3e8f-8abf-830f6bfc514a.jpg,14
F:\Practice\train11\934fc023-cf32-34d3-b889-9c30d923954e.jpg,13
F:\Practice\train11\41a62ae2-4563-3c8f-b571-c5bdba615c44.jpg,14
F:\Practice\train11\2b549c6c-cd4d-33e6-87a0-de18650a6696.jpg,6
F:\Practice\train11\ad912125-149c-3ead-b5c2-42f905bd7245.jpg,13
F:\Practice\train11\a5741813-640d-30be-9ee0-35dea5c40ff3.jpg,6
F:\Practice\train11\47b80486-db77-3bfb-a7b1-5bcc231d.jpg,8
F:\Practice\train11\de7d4049-a9c5-3cc6-8c9f-26437b6a0f83.jpg,2
F:\Practice\train11\f62ff2db-d414-398d-b859-077289a3915b.jpg,16
F:\Practice\train11\36ebe80a-1212-324a-a331-04beffdb5fe5.jpg,2
F:\Practice\train11\f3ffe307-6ebf-3c76-a93e-9e3cbff83876.jpg,13
F:\Practice\train11\9cb2d5f7-3457-3ed0-9d74-2964933994c8.jpg,14
F:\Practice\train11\749e833c-791c-3a23-a1d7-851eaf40.jpg,8
F:\Practice\train11\b3ef5605-d49d-370e-af54-32efa933.jpg,8
F:\Practice\train11\d1d0b13a-6a99-373b-8a0c-3c7af171.jpg,8
F:\Practice\train11\3d6e524f-97be-3e63-97c1-b1f39a802a97.jpg,6
F:\Practice\train11\46fd02da-eccf-3abd-b09a-54dfde4df404.jpg,3
F:\Practice\train11\9c71f65d-4980-3252-89f3-57f83b9c.jpg,8
F:\Practice\train11\79ed10c2-7c39-363f-9f2a-7ce3861e83dd.jpg,15
F:\Practice\train11\b3ec44eb-e3aa-3baf-ba5c-fcaa5046.jpg,7
F:\Practice\train11\890c7212-942b-3853-940f-18ae6217c4ed.jpg,12
F:\Practice\train11\bbf0707d-c3b9-3b08-950a-fed6fcd2.jpg,8
F:\Practice\train11\28fd8a71-8d9f-3642-829b-d3cb815e0ed6.jpg,12
F:\Practice\train11\e3eac2df-757a-3bf1-bf2b-a126e98d.jpg,8
F:\Practice\train11\7334bdca-c72a-304a-b0fb-e3d00b2c2111.jpg,15
F:\Practice\train11\065ba9e5-3d81-3a79-8ec1-ee6bfc3d.jpg,0
F:\Practice\train11\c2752e8c-be68-39b4-b637-40c6a0028cd9.jpg,6
F:\Practice\train11\b8571809-25c9-3fd3-be29-841d19764169.jpg,2
F:\Practice\train11\1767cf72-634d-3680-8b53-3ede8dda.jpg,1
F:\Practice\train11\8ad92330-c7ce-3e5a-aa12-793fdd3e6f29.jpg,13
F:\Practice\train11\67c21d32-879f-34a6-8454-fa1d46e4dd89.jpg,18
F:\Practice\train11\159666d9-6f2e-392d-8545-a263a3d50765.jpg,13
F:\Practice\train11\2a3d5d08-e63a-386e-9328-05ebdce7125d.jpg,12
F:\Practice\train11\40dc1983-40d0-3e76-b99f-d05028bb3710.jpg,2
F:\Practice\train11\b1d0db48-85c4-3f8c-8092-e5f6146992f3.jpg,18
F:\Practice\train11\image6.jpg,17
F:\Practice\train11\5f673579-e1ec-3afa-b823-dae562d4.jpg,8
F:\Practice\train11\635f0675-f35e-333c-a394-17fd2266.jpg,0
F:\Practice\train11\34192387-72a2-33b2-9dfc-705f8db9.jpg,1
F:\Practice\train11\689f7234-bcba-34dc-b014-3065b8499a08.jpg,12
F:\Practice\train11\14781fb4-1a70-3aae-b264-36f91c2cc9ff.jpg,14
F:\Practice\train11\31a7e6b1-7a3a-320a-a315-9e2f1245b8c0.jpg,16
F:\Practice\train11\686c51a5-8755-36be-9e9e-6d9c90390b67.jpg,2
F:\Practice\train11\05d03862-ca75-3a05-9fe1-8a16d34a.jpg,1
F:\Practice\train11\5a2fa4b4-3e2c-34fd-ae5a-4413e53f5bff.jpg,18
F:\Practice\train11\9bbe4433-86e7-3c9e-88a5-0c567b2a.jpg,7
F:\Practice\train11\fd529fa6-dcd8-33ac-bbbf-eaacf5b48c9d.jpg,6
F:\Practice\train11\06336c11-5a5c-3571-90bc-3aa292174e4e.jpg,5
F:\Practice\train11\8f7d4962-dcc2-336c-b0b7-420f12c9.jpg,1
F:\Practice\train11\533396ff-5a00-3d08-8425-8e67df15.jpg,1
F:\Practice\train11\11ffb2f9-4c9e-3df7-91dd-6fd16168.jpg,1
F:\Practice\train11\63ad319d-7426-3652-8a50-62255e9f.jpg,8
F:\Practice\train11\a307c904-7374-3d74-b677-8664524e.jpg,7
F:\Practice\train11\2b4dc273-feb1-322c-ba84-b6203958f381.jpg,2
F:\Practice\train11\52544d4c-e23a-3816-b806-acc36475.jpg,0
F:\Practice\train11\d83c2e96-b545-3f36-a262-525971ca.jpg,1
F:\Practice\train11\28c17dee-7bb5-3d8e-808c-f157ede9.jpg,1
F:\Practice\train11\ebbbf877-fdeb-3b3f-a3b3-451b90fded57.jpg,16
F:\Practice\train11\3e7a56b6-514b-350c-9d9f-87996482c395.jpg,9
F:\Practice\train11\952c30a4-4eb5-35e5-bdce-5b98e0b82175.jpg,13
F:\Practice\train11\a9843710-d66c-3d69-99ff-288631bd9aea.jpg,3
F:\Practice\train11\3ab31d68-9f92-3a38-aa7a-a5238ad0.jpg,8
F:\Practice\train11\83a904ac-b185-3a1a-91ae-b3569f98.jpg,1
F:\Practice\train11\f456b286-b97d-31dd-829a-01d54a44.jpg,10
F:\Practice\train11\e39d0646-f29b-39ef-98d4-d88fdad1.jpg,7
F:\Practice\train11\e08caa04-ed7a-32c9-8b0b-91836615909a.jpg,9
F:\Practice\train11\a559b4e4-965c-3700-9a19-a840a004.jpg,7
F:\Practice\train11\image251.jpg,17
F:\Practice\train11\53575705349381.jpg,17
F:\Practice\train11\d706aafc-72ed-37a1-b972-176a659b.jpg,1
F:\Practice\train11\67617b54-6a9e-332b-b11e-34bc39e1.jpg,7
F:\Practice\train11\image132.jpg,17
F:\Practice\train11\a9b5e776-0823-3318-ae60-a8c27b6fb7ed.jpg,16
F:\Practice\train11\16dca6f3-aaa8-31a8-896f-5976f6622662.jpg,12
F:\Practice\train11\f072fa8a-4ed5-379e-bd38-1626382e.jpg,10
F:\Practice\train11\4277de7e-7ebd-3720-8f90-331e51aadf51.jpg,14
F:\Practice\train11\8cc36f9f-5e7a-306e-af40-80ada0563717.jpg,9
F:\Practice\train11\db5a66a5-2a1b-3f1d-8e53-75c4fc70.jpg,10
F:\Practice\train11\15625a39-7e3c-3aa5-be38-f9b9d26b.jpg,8
F:\Practice\train11\56ca7b40-a345-398f-90ab-e28bc2d60c7d.jpg,18
F:\Practice\train11\0dce743e-85e6-3d33-b74c-e679a294.jpg,0
F:\Practice\train11\5a2a0b7a-3fdf-397d-80de-0f2306037e6b.jpg,15
F:\Practice\train11\89df9cdc-b110-3c17-92c1-85f1f1f1ca63.jpg,6
F:\Practice\train11\2b0d43d3-4b05-3178-93f5-5dd9475e8f67.jpg,15
F:\Practice\train11\4261ec47-5961-3a56-8906-e8f0089a6143.jpg,18
F:\Practice\train11\dcdf107d-45d6-3bc3-9591-30328169.jpg,0
F:\Practice\train11\3e77fc2e-ccbf-32ad-8f45-c0c462e9717f.jpg,15
F:\Practice\train11\cf78a87e-e812-30cb-9569-94e01300f096.jpg,16
F:\Practice\train11\99b630b6-ac57-3a39-a635-0c6019a7817f.jpg,6
F:\Practice\train11\fox253.jpg,5
F:\Practice\train11\02e3dbfb-4233-3555-96ac-2006e1ed5092.jpg,18
F:\Practice\train11\5649223e-d781-3441-a089-c287b62278ff.jpg,14
F:\Practice\train11\992c1830-2faf-3988-808a-18a3a8400f3c.jpg,6
F:\Practice\train11\fbbb36f3-637c-314e-b041-d528819a9dfe.jpg,9
F:\Practice\train11\fbafd948-8dae-354a-8ec1-ff48af7d38d5.jpg,19
F:\Practice\train11\0ac70f33-b02d-3aeb-9944-29268a07.jpg,1
F:\Practice\train11\537e9580-1c93-31e9-adbe-34632991beef.jpg,9
F:\Practice\train11\bd1144a6-e81f-328a-a3f0-2a9317db.jpg,7
F:\Practice\train11\2c744f00-820e-330d-b9c7-9b4a406d.jpg,10
F:\Practice\train11\2d71f3c9-ac3d-3d8b-a1fa-dfe780be.jpg,8
F:\Practice\train11\58cafcf0-6246-30c4-8b8c-d01d3dbd.jpg,7
F:\Practice\train11\98577ad9-6f1d-3e89-9fdf-1862c48a512f.jpg,15
F:\Practice\train11\5a3ebbde-5965-33f3-88d4-5ab19349.jpg,8
F:\Practice\train11\5c2232d9-8b20-3207-b449-bf3894d1.jpg,0
F:\Practice\train11\998e1144-ddf8-37ef-b6dd-f57ab019c8a3.jpg,19
F:\Practice\train11\5cba1d26-bbce-3cac-8990-8c19c747c424.jpg,12
F:\Practice\train11\9cba95c4-d95f-351a-a54a-33e5de86.jpg,8
F:\Practice\train11\6a5cffce-6dc1-3c62-8875-83f06725.jpg,0
F:\Practice\train11\4eb9c0d0-6402-3d4b-93fa-de4bb683.jpg,7
F:\Practice\train11\f68a4663-05c7-30d5-a894-ebbd79698554.jpg,16
F:\Practice\train11\fox128.jpg,5
F:\Practice\train11\c3ac4e93-6eaa-3b1b-ae4c-e31c8e976bca.jpg,15
F:\Practice\train11\ce2bb80c-1cbf-3d56-93aa-1f785b9c.jpg,1
F:\Practice\train11\0045a1ed-1244-3e30-9175-80dedf21.jpg,1
F:\Practice\train11\b0e2c1cf-b84f-3713-9512-ccd45a7c.jpg,8
F:\Practice\train11\e45e9b4e-a88e-3185-b4d2-fb9d83aaf0c4.jpg,5
F:\Practice\train11\efb119be-4f5c-3c15-9c78-c517cb2d.jpg,8
F:\Practice\train11\6200ff70-0963-39f0-abad-d19ddf1c1f3e.jpg,18
F:\Practice\train11\e2517cd7-eb22-33ea-a3cf-bc881b1239d2.jpg,19
F:\Practice\train11\fox81.jpg,5
F:\Practice\train11\8e114661-b9ff-3981-9b8b-ae4e69d5.jpg,1
F:\Practice\train11\ad9ff410-6112-3aaf-9774-990c7c6fd3de.jpg,9
F:\Practice\train11\b027fec1-9891-3a93-a148-d5552fb71476.jpg,18
F:\Practice\train11\0216765d-ce0a-393d-a32f-c0cc41d8.jpg,8
F:\Practice\train11\93e57c01-0b12-3732-952e-20d5a7de.jpg,8
F:\Practice\train11\af2f194d-6b56-36b5-a26e-36368d48fd2c.jpg,18
F:\Practice\train11\2fab5adf-5c55-3f42-ab78-7846a4684613.jpg,6
F:\Practice\train11\605b3742-ffea-3791-9d1e-32bddfbf.jpg,10
F:\Practice\train11\6b55a177-4ce5-3154-ad08-7b868240b33f.jpg,15
F:\Practice\train11\ed26674f-44db-3621-af8f-9bde4776.jpg,10
F:\Practice\train11\shenghong_zebra_70dfa22a-d713-3dcc-ba87-76b9fa47eeb1.jpg,19
F:\Practice\train11\49214532-0719-3bd5-87ae-a93e7f23d376.jpg,18
F:\Practice\train11\4d88d99c-e07e-31b6-ad73-4827416d4133.jpg,12
F:\Practice\train11\857e0af7-ca9b-3352-975d-bf7125a4.jpg,1
F:\Practice\train11\b25f65c5-d371-3278-9dc8-a8f730a90c32.jpg,16
F:\Practice\train11\830a4263-12e1-316a-aca7-353e3a03067c.jpg,12
F:\Practice\train11\3da2e299-27dc-32cf-855a-349a2c34e28c.jpg,12
F:\Practice\train11\3e6bc8cc-c9b2-304f-a1e5-aacefe7d742e.jpg,3
F:\Practice\train11\78328462-26c2-398b-8ae7-efba5cff.jpg,7
F:\Practice\train11\image38.jpg,17
F:\Practice\train11\0f700e0a-2626-3070-9eec-b9b7ce5bf1b0.jpg,16
F:\Practice\train11\f1a987dd-7228-3222-98e5-51f7914b19b3.jpg,3
F:\Practice\train11\image601.jpg,17
F:\Practice\train11\0650ff35-45d8-32a0-8486-a40a4f5e.jpg,8
F:\Practice\train11\580f44a5-9cd2-38fd-b4c6-2deaa3876041.jpg,2
F:\Practice\train11\d99b1a4e-5e4c-3d53-9d04-16a801bd560a.jpg,2
F:\Practice\train11\59d25c7f-9427-3ab1-b94d-d8b919f77367.jpg,15
F:\Practice\train11\fox249.jpg,5
F:\Practice\train11\73d526fa-a939-3581-8cd7-7dcb63bb0c7b.jpg,3
F:\Practice\train11\image64.jpg,17
F:\Practice\train11\52ac5e43-b51e-3f84-b75a-bafa63b95b33.jpg,14
F:\Practice\train11\6f75fd6f-2893-3c56-ad33-dc3e9f05a3e1.jpg,19
F:\Practice\train11\image34.jpg,17
F:\Practice\train11\image25.jpg,17
F:\Practice\train11\4ec30d18-64b0-3e80-a5bb-0e257b9a4527.jpg,19
F:\Practice\train11\190da820-c9b3-346a-8d29-e83fa280.jpg,1
F:\Practice\train11\9acfc81f-3044-3a68-84b5-5fff5b5e3069.jpg,19
F:\Practice\train11\6c56cad7-b027-3787-9c61-d97bf0ee.jpg,1
F:\Practice\train11\a59bff89-ad5a-3410-8371-4d40168586d0.jpg,4
F:\Practice\train11\882399e9-918e-358e-a8e1-55900424.jpg,1
F:\Practice\train11\fox155.jpg,5
F:\Practice\train11\62cb0995-c77e-39cb-a9c3-1c0da8f100d9.jpg,3
F:\Practice\train11\e384797a-15d4-3fef-b443-172ad68a.jpg,10
F:\Practice\train11\0b546c77-f9ec-37ba-a85e-5e63505aa945.jpg,12
F:\Practice\train11\77df01f9-8354-3c6c-b25d-49af6fe16d2f.jpg,3
F:\Practice\train11\87b131ee-dce0-32a1-adfd-65a02fb7.jpg,1
F:\Practice\train11\4c3ddea0-7fd5-3081-b2d6-76aaf16b.jpg,0
F:\Practice\train11\3ccde0a1-5f97-3a7e-862e-05d52a2f.jpg,7
F:\Practice\train11\41a61dd7-df94-3205-ace7-99df043d.jpg,8
F:\Practice\train11\10dcc87c-0387-3fde-89de-e38a30ef0cae.jpg,12
F:\Practice\train11\79c07d0e-a087-3fe7-92af-396542837d05.jpg,19
F:\Practice\train11\5a89b980-2454-38c9-ba9c-156cdbd3f40f.jpg,13
F:\Practice\train11\image195.jpg,17
F:\Practice\train11\3f5ad950-f668-367e-b79e-ba46bad544cd.jpg,11
F:\Practice\train11\9a0ce405-4305-34ee-a388-a8fde84ce9c1.jpg,4
F:\Practice\train11\4e4542f7-82fe-30f8-a509-d986a30e9cf3.jpg,5
F:\Practice\train11\fox80.jpg,5
F:\Practice\train11\2edf67cf-cb88-3c0c-80d9-56b201eba932.jpg,13
F:\Practice\train11\3eac0eb5-ea1e-3c3b-b0f6-6d51387b9ac4.jpg,15
F:\Practice\train11\72fe38e0-8aa7-3650-80e6-4522af4ceea0.jpg,13
F:\Practice\train11\33878cc6-84fb-381c-a5e8-8b4d2365.jpg,1
F:\Practice\train11\7d21a97c-dd92-3d4f-9074-a2ac08d274f6.jpg,18
F:\Practice\train11\61eba9da-1f8c-3dec-b5d0-951f4682763f.jpg,14
F:\Practice\train11\93329180-8cf8-3d83-a5b4-c043a9b1.jpg,8
F:\Practice\train11\ece10533-998b-3cb6-873b-526bd9d01f01.jpg,13
F:\Practice\train11\9a7001e3-1fb2-338c-aa8f-d54411b29b2d.jpg,9
F:\Practice\train11\09d75ce8-53d7-304e-83ed-885befea69fd.jpg,2
F:\Practice\train11\image11.jpg,17
F:\Practice\train11\85e3bce7-39de-3b99-a51c-eb0c19e399da.jpg,11
F:\Practice\train11\673d9230-6858-3e4d-9c2b-6ff01142ce9f.jpg,4
F:\Practice\train11\f91df472-e0b1-3fc7-a90b-7e4738fc.jpg,10
F:\Practice\train11\818a3cf0-2763-3058-b4e7-bda9c935b5d9.jpg,13
F:\Practice\train11\4b5518ef-b90a-348f-a928-649449004969.jpg,2
F:\Practice\train11\7c644fdc-d4f2-3dad-b229-f2e9f5b2c835.jpg,11
F:\Practice\train11\1f4e3555-3c80-37db-b632-a7e4d66c.jpg,0
F:\Practice\train11\d2ca0a98-93db-36cd-aa1c-adad6374235b.jpg,14
F:\Practice\train11\e7f2ae34-5ea1-36cb-8025-7e959956aecf.jpg,19
F:\Practice\train11\7113c599-0026-32d2-bb78-b25a22d8efc3.jpg,13
F:\Practice\train11\debeff5d-ec6e-31cc-acc4-c74879d94068.jpg,11
F:\Practice\train11\7e7e2a13-35fe-3ddb-a975-3c14ae2e8d0a.jpg,16
F:\Practice\train11\8c72504d-51be-3772-a673-4777328c5038.jpg,15
F:\Practice\train11\a10107b2-a6d6-3a5f-906b-20eef382.jpg,8
F:\Practice\train11\86115761-fbff-3327-a36e-f095eedb.jpg,8
F:\Practice\train11\34700f11-4f14-3791-8016-7a65f2f2.jpg,0
F:\Practice\train11\7cd4f5cf-12e0-35a7-b12e-ef4568c32da6.jpg,9
F:\Practice\train11\4f8fc7f9-eb31-3775-82c6-52e683fafad8.jpg,13
F:\Practice\train11\f613452d-f8ab-3973-9b4f-5cca26faaaa7.jpg,19
F:\Practice\train11\image138.jpg,17
F:\Practice\train11\65867501-4528-3641-9057-2ec85290f55e.jpg,9
F:\Practice\train11\3fbf585e-b4d0-32f4-b82e-2160484c6899.jpg,5
F:\Practice\train11\1725b53b-2380-39bf-b08c-390f797c6028.jpg,12
F:\Practice\train11\image611.jpg,17
F:\Practice\train11\85f76ba3-8760-31e0-a4fa-895b9c2b2391.jpg,2
F:\Practice\train11\600ca320-97bd-3cf0-b42a-44045507e90b.jpg,12
F:\Practice\train11\cdf8afce-6141-3d4b-b1bc-a39158eeb16d.jpg,11
F:\Practice\train11\4ee92f08-7f54-31e3-a737-5e1f5377b068.jpg,3
F:\Practice\train11\bfee3a38-6130-35b3-86aa-f09ba283859f.jpg,19
F:\Practice\train11\ac048655-3328-329a-9c4a-6f0973ebb607.jpg,19
F:\Practice\train11\017b77f5-f379-3c95-8e25-8b6b83c74601.jpg,13
F:\Practice\train11\9e7a0a60-ec03-3a93-9cca-a12587f70e5b.jpg,14
F:\Practice\train11\0160a20f-4a88-31bb-90c2-327c273c9b9a.jpg,11
F:\Practice\train11\fox51.jpg,5
F:\Practice\train11\03960218-caf3-3196-8fc8-4b259389e457.jpg,14
F:\Practice\train11\fox66.jpg,5
F:\Practice\train11\2b0670e1-44f1-36ba-b979-f4820d5a8078.jpg,12
F:\Practice\train11\03a6458d-e651-3bd7-a7f7-1bca8d1665d5.jpg,11
F:\Practice\train11\08d89e5f-c520-37d1-8d48-c14bbf0fe6de.jpg,14
F:\Practice\train11\1d358d55-7701-331c-8532-8fc430bf.jpg,8
F:\Practice\train11\bf061fba-ec50-316f-8531-1e3e04fe.jpg,10
F:\Practice\train11\d2f61228-b3db-300c-a2c2-e4bd59b0ac7b.jpg,2
F:\Practice\train11\713d15ee-ce86-390c-9926-0d26df316119.jpg,3
F:\Practice\train11\629120e6-f08b-30d9-8be5-b6c855a2.jpg,8
F:\Practice\train11\image436.jpg,17
F:\Practice\train11\14e76d1a-0f30-381f-8ca2-f009693e14cf.jpg,9
F:\Practice\train11\7fa29367-21fa-3fbe-844d-0a788946.jpg,7
F:\Practice\train11\e8c01110-4767-3dbe-ad18-49b1eeb9.jpg,0
F:\Practice\train11\3467254b-9a05-3711-9b76-c8e964ff2a82.jpg,18
F:\Practice\train11\ae9258e2-356b-329f-9886-debe195c2a11.jpg,3
F:\Practice\train11\938b8244-6f08-39dc-88c3-582b904903ac.jpg,19
F:\Practice\train11\3ee6ca85-5c41-3e8f-8d5c-6a0bc3082595.jpg,14
F:\Practice\train11\5b81ed7d-2126-3019-9ebf-3c90988af881.jpg,15
F:\Practice\train11\f3f35f64-7b14-3d14-83e9-1e632b55dbf8.jpg,11
F:\Practice\train11\a3028337-7edd-314c-80bf-45726a27b120.jpg,9
F:\Practice\train11\dbb74dc6-de2a-3373-8128-684be75d92a9.jpg,3
F:\Practice\train11\17627248-b3f8-3afc-8ccf-a2d75df1fc66.jpg,19
F:\Practice\train11\ff449ce7-eb1f-3749-bb8e-b4ceffcf344e.jpg,14
F:\Practice\train11\9f8f9399-340f-3ec7-baff-7eaa183afe8c.jpg,12
F:\Practice\train11\d6c0eeb0-ebbf-3878-b4d5-72c51cff.jpg,0
F:\Practice\train11\05a4dd8f-84e5-390d-95f8-dbc27db0a124.jpg,19
F:\Practice\train11\1a209376-ba72-3cbe-ac45-8d18f1bb8721.jpg,6
F:\Practice\train11\2dacee31-35c4-3c35-9779-277c2e96e54f.jpg,3
F:\Practice\train11\6ed0834e-ed18-373c-919a-ea807cb5.jpg,8
F:\Practice\train11\17b07df6-2212-3c04-a90c-8df9312b0cf0.jpg,16
F:\Practice\train11\ec4da2f0-75a7-3763-a790-337d4d39431d.jpg,15
F:\Practice\train11\3db631b4-63d1-3878-8db4-1fdd7a8fcd26.jpg,3
F:\Practice\train11\827736df-b466-3ba7-b899-cc93e9b9.jpg,1
F:\Practice\train11\ecd8f05d-d298-3871-8474-b34d711e82ff.jpg,2
F:\Practice\train11\3ad33bb4-d479-32ca-9b98-7219546fdf14.jpg,15
F:\Practice\train11\eef874b8-a28d-3e99-94bf-5d5c906b.jpg,10
F:\Practice\train11\2c5e54c7-3760-3157-9e0c-ac87d8369875.jpg,13
F:\Practice\train11\8ec5eea7-e93f-3de6-ab6e-54b571af3277.jpg,18
F:\Practice\train11\737c587c-aaa8-3d2c-9364-c4649c8d11bf.jpg,12
F:\Practice\train11\f2ca6972-c104-30e2-a9fd-a6570ebade50.jpg,18
F:\Practice\train11\557b389d-4fb5-3e73-a34c-69074741cfc1.jpg,3
F:\Practice\train11\image76.jpg,17
F:\Practice\train11\image80.jpg,17
F:\Practice\train11\c140338a-2c1f-354a-9288-e2681473.jpg,0
F:\Practice\train11\954c5ed1-e9e1-392f-ac0d-f4d8af9c0869.jpg,3
F:\Practice\train11\a41e17ae-da25-31dc-8245-3fefb13e.jpg,10
F:\Practice\train11\fox234.jpg,5
F:\Practice\train11\295edc92-8a3d-3340-b397-a7d33c5cc6a6.jpg,19
F:\Practice\train11\a3ec1fbf-048d-37b0-875f-6c0eb583.jpg,8
F:\Practice\train11\c7be5aa0-7c78-37df-b3f4-45f3264b.jpg,8
F:\Practice\train11\7c094237-9566-3bdd-9cf2-af2da91b.jpg,1
F:\Practice\train11\ecc4984e-9d11-37bb-abf9-41b9f794a6c9.jpg,6
F:\Practice\train11\a9fbe848-20ed-376d-a270-4c38517ca1d4.jpg,4
F:\Practice\train11\87afe1c2-ee95-3479-95d2-980f9d1e.jpg,8
F:\Practice\train11\10d59d39-18c9-3630-b28c-943f4f34.jpg,8
F:\Practice\train11\975824e5-ea77-366b-a33b-30d2777d6177.jpg,19
F:\Practice\train11\40bf3fab-c256-3c32-af85-986558a036e7.jpg,11
F:\Practice\train11\08160cf5-39d6-31c0-9755-2d1f1b7819a7.jpg,19
F:\Practice\train11\03952497-0762-3256-8685-ab2154c7.jpg,10
F:\Practice\train11\e75dd7a7-7818-3bba-98cc-1f92c8fb.jpg,7
F:\Practice\train11\1c36b4e9-6f96-33d6-bb64-d98835ae0877.jpg,4
F:\Practice\train11\0dc713d8-11be-3593-acfa-3bfe8844464e.jpg,16
F:\Practice\train11\e93f9120-9736-39bf-a0b1-73178f1428a0.jpg,15
F:\Practice\train11\ba8b43d5-7661-3dda-997c-8d630c8fca95.jpg,2
F:\Practice\train11\d77f40a6-59e9-3420-90bb-26386891781a.jpg,16
F:\Practice\train11\89fabfdc-dca7-3317-9858-012001f93068.jpg,15
F:\Practice\train11\64fe5627-e334-3e97-a3e1-eec1d78e.jpg,0
F:\Practice\train11\f18c750b-3076-3de3-b698-a88f8fcdf70b.jpg,3
F:\Practice\train11\64cb87f8-9511-3a42-b8e0-affdac2258e9.jpg,12
F:\Practice\train11\c9e2659e-bcc5-353c-9857-7dbd70ae.jpg,7
F:\Practice\train11\82f55cb5-bb0b-3556-8c38-05d1d7b06748.jpg,9
F:\Practice\train11\dd5535f0-3af3-3a22-96fe-3b52f7c8954c.jpg,11
F:\Practice\train11\07453c55-4fa4-3662-bbbe-9e20f35d2288.jpg,19
F:\Practice\train11\757fc71c-51c2-3313-9739-519d39ad4a2d.jpg,6
F:\Practice\train11\image53.jpg,17
F:\Practice\train11\49093f0e-3ef3-3d35-97be-8dfeab9850b3.jpg,12
F:\Practice\train11\a77de6bb-0536-38e5-a5ba-23467333.jpg,8
F:\Practice\train11\6da0099e-a1cb-3245-8456-66f3e8ff.jpg,7
F:\Practice\train11\9420584a-6040-30fc-acb1-87162b8a.jpg,10
F:\Practice\train11\35095c6f-fbd9-3c5f-ac28-c6981c9c2eab.jpg,13
F:\Practice\train11\image46.jpg,17
F:\Practice\train11\18085dff-14a3-3861-a56b-32b3b696d29b.jpg,16
F:\Practice\train11\c4f39ca6-d5c4-3261-9bbf-a595e5139f27.jpg,16
F:\Practice\train11\6c842386-bece-37a5-b205-7c572ac5.jpg,10
F:\Practice\train11\e9f62814-6494-3ec4-8bf7-7754b680d139.jpg,11
F:\Practice\train11\667429cc-9dcb-3a3e-8b4f-bd8e8323.jpg,0
F:\Practice\train11\de77ccbe-7045-3d80-bf93-7a8c4aad.jpg,0
F:\Practice\train11\image670.jpg,17
F:\Practice\train11\64c0f0ae-0f84-392f-92b3-4793aee1.jpg,0
F:\Practice\train11\468f7fb8-7288-320a-8797-6cd3065d.jpg,1
F:\Practice\train11\5220af98-7408-352a-ad50-c403c634fb91.jpg,11
F:\Practice\train11\7c7471e5-e7b0-3874-b82c-acadb238f3bb.jpg,15
F:\Practice\train11\8ca8e386-f9ff-3a8b-94ae-0cefd963c39e.jpg,12
F:\Practice\train11\6ad1d172-f0d4-3f56-993a-23401afc31ea.jpg,15
F:\Practice\train11\0d4e1dee-1785-32c4-bf4f-450ea8e2bbaa.jpg,16
F:\Practice\train11\c8892a18-a985-3ab6-87ac-752f339f.jpg,8
F:\Practice\train11\756af2d7-6bd7-39d6-a75f-997b8fcb.jpg,10
F:\Practice\train11\fc0ea41f-71dd-3181-b2f3-12cb8fcb9c5b.jpg,14
F:\Practice\train11\7178df06-f57c-3c8a-af75-6017491c241f.jpg,2
F:\Practice\train11\b8555253-4223-3414-9fc7-cdef7c67e9dd.jpg,11
F:\Practice\train11\b9271318-8444-36c2-8715-b188c39666c5.jpg,14
F:\Practice\train11\69982c5e-4730-3569-9858-d6141d12c81a.jpg,18
F:\Practice\train11\4c1577a4-bbc2-3d58-956f-e8acdb271c51.jpg,15
F:\Practice\train11\fac2f8d9-c1c2-3367-bb25-62fda3cc4f9c.jpg,6
F:\Practice\train11\38b329a2-5c2a-34af-8683-733d9adc.jpg,8
F:\Practice\train11\5771683f-0139-3355-b4b3-5cdf6a87.jpg,0
F:\Practice\train11\d8c49ff7-afc3-316a-9639-8e05eac02b25.jpg,19
F:\Practice\train11\5fcffdad-ac63-3ca5-848d-c5677050fd92.jpg,9
F:\Practice\train11\cfead4a3-326b-32c3-bef0-adfc9f6d.jpg,10
F:\Practice\train11\98c38732-508c-3790-87b3-d11db6bf.jpg,0
F:\Practice\train11\4a0cea7b-da43-3901-b50a-9699d474.jpg,0
F:\Practice\train11\37b52686-6d5f-3ce5-b120-5f492589aa1b.jpg,16
F:\Practice\train11\07084e66-d249-34ba-ab90-572b8d16.jpg,1
F:\Practice\train11\1fd72f24-3024-386c-9de2-4a9c155f.jpg,8
F:\Practice\train11\cb5787c3-bf99-3134-983f-e737e560.jpg,0
F:\Practice\train11\0628a568-4b60-322d-bfdf-55065c23.jpg,1
F:\Practice\train11\abbe8f3e-3090-3851-b152-560b537457b5.jpg,15
F:\Practice\train11\74376d7e-78c5-3a83-a343-3eaa4553.jpg,1
F:\Practice\train11\3c6134c2-c189-34a5-b3f9-94ca3036.jpg,8
F:\Practice\train11\d37c7fc9-e5e1-37cc-a43f-0b98eaefc6ec.jpg,13
F:\Practice\train11\c49cc237-8f2d-38bb-adbb-13b854b3932e.jpg,9
F:\Practice\train11\f9c6d34d-c7aa-3de1-a59e-197241f5b9be.jpg,11
F:\Practice\train11\fox84.jpg,5
F:\Practice\train11\3a230542-0ebd-36be-990f-ba83d7579e55.jpg,13
F:\Practice\train11\afa75f54-3cd0-3499-a292-386d42bbc8e6.jpg,4
F:\Practice\train11\c8df4447-5b2f-3c8f-9cc8-78df23119f81.jpg,6
F:\Practice\train11\image488.jpg,17
F:\Practice\train11\2b3427e4-c4f7-331d-8207-1a520178.jpg,8
F:\Practice\train11\image49.jpg,17
F:\Practice\train11\02e3ff17-671a-34b6-b3e0-96f6a7a41892.jpg,6
F:\Practice\train11\a717e723-efc4-3a14-bae2-243c5647.jpg,7
F:\Practice\train11\b6cb1c61-8aae-3140-8015-b804884b.jpg,1
F:\Practice\train11\fox163.jpg,5
F:\Practice\train11\21e7b3a9-2444-3358-a40d-0656181a13f5.jpg,6
F:\Practice\train11\ca1243e3-ba03-3aa5-8369-c18b85eb4885.jpg,11
F:\Practice\train11\a9dd890c-bada-344f-8381-de3437daeaad.jpg,9
F:\Practice\train11\7e5124c1-c905-377c-8152-dbc1293611fe.jpg,18
F:\Practice\train11\cc925b79-9c00-39d2-82cf-6d72556b.jpg,8
F:\Practice\train11\43e38c77-3258-32e9-9693-e42189dfa537.jpg,16
F:\Practice\train11\c611968e-9d72-3f06-8d1d-c0e2b4316f88.jpg,6
F:\Practice\train11\fox166.jpg,5
F:\Practice\train11\06a3a5d0-95ad-32c2-b16f-42b93e9c39c5.jpg,11
F:\Practice\train11\3e163184-7436-3419-8538-7833215ffcc6.jpg,19
F:\Practice\train11\d197189b-159b-33a1-933d-8df004cb13be.jpg,2
F:\Practice\train11\28d65764-a823-343d-9cde-99d2ac1dc60b.jpg,12
F:\Practice\train11\050b05bd-30bc-3fbb-a427-a81c70e540a8.jpg,16
F:\Practice\train11\1595dcd7-0c2e-321c-8678-47ba8b2317e8.jpg,3
F:\Practice\train11\1a9ad678-7c5e-3ca4-adb2-c5c398f8.jpg,7
F:\Practice\train11\143be8cf-7259-3f44-a808-b2f6a9843042.jpg,14
F:\Practice\train11\40bbf763-a940-3a52-9026-0c2eedda960a.jpg,5
F:\Practice\train11\948e362c-cea1-3de4-bcb7-51da6154.jpg,8
F:\Practice\train11\3b030e08-d437-38ed-9a76-3a1d2375b3df.jpg,11
F:\Practice\train11\b46dff59-0409-315e-97b9-5502afca1950.jpg,2
F:\Practice\train11\1220d380-c012-3449-9f83-4656c415.jpg,1
F:\Practice\train11\image675.jpg,17
F:\Practice\train11\f0afeb7c-c1c1-3df6-9ed8-de7a5fa5.jpg,8
F:\Practice\train11\bd2cf02d-fa07-3cc8-93c0-40baf06cb238.jpg,11
F:\Practice\train11\0ed668d9-83f3-3705-acac-f2d62ce4.jpg,8
F:\Practice\train11\a69ff595-7cc6-3d02-8516-b9275496.jpg,7
F:\Practice\train11\25fa9e4d-df19-3543-8256-b4da07d0f4e8.jpg,12
F:\Practice\train11\65c70029-2a97-3112-82b0-69cad840.jpg,10
F:\Practice\train11\0ed2c3ad-0017-3e6e-9df8-7225369f37e9.jpg,19
F:\Practice\train11\d0f3e1f9-8531-3080-89e4-514111080548.jpg,15
F:\Practice\train11\eb406f5f-08bf-3b1d-a93e-239a00a7da55.jpg,14
F:\Practice\train11\1c6a0529-c7b4-357a-877a-a5826c56.jpg,7
F:\Practice\train11\9fea3dbb-f1bf-319e-a52c-75df9ae18157.jpg,13
F:\Practice\train11\28eb7f13-2857-34ef-9f45-9fd954d8c37e.jpg,3
F:\Practice\train11\337a20a6-0e4c-3208-a98e-1d1f95b9ef20.jpg,6
F:\Practice\train11\40d04900-cc55-32e5-aa5b-dcd823d0eea1.jpg,12
F:\Practice\train11\6588af01-ce74-3872-9bd9-37801c404746.jpg,11
F:\Practice\train11\1bbb1d19-3fec-3f75-8ba6-f8b9b9ee.jpg,0
F:\Practice\train11\29ed9c32-e3e2-37b2-87c1-9b32db37.jpg,0
F:\Practice\train11\c422d157-451f-3dbe-b01a-94f7c5267fb1.jpg,4
F:\Practice\train11\7b3d351c-253d-366f-b28a-38ddac4b.jpg,10
F:\Practice\train11\48270c85-ddce-3b35-a048-24f130b4.jpg,8
F:\Practice\train11\8cde4f5b-1d96-33a4-9942-6ccd0ea1ff1e.jpg,4
F:\Practice\train11\87cc64fb-8457-3f40-b780-11ba6e184d1a.jpg,14
F:\Practice\train11\f5fdd1f2-3f55-3f0c-9655-73da5f6580e6.jpg,13
F:\Practice\train11\90adba0b-1af7-3a26-8543-f000932a.jpg,0
F:\Practice\train11\1f134db3-6283-3112-8813-feb3caa0.jpg,8
F:\Practice\train11\fox79.jpg,5
F:\Practice\train11\a3c05361-de13-399a-856e-4f3581e8.jpg,10
F:\Practice\train11\1382ee8e-3072-3dca-9f60-723724e9445c.jpg,16
F:\Practice\train11\553e8d63-1816-31dd-8e17-19383a18d7a4.jpg,14
F:\Practice\train11\68dccf98-a1c5-3bcc-a571-5e734f5407a1.jpg,4
F:\Practice\train11\eed5ad70-80a9-36d2-8cd1-b8bb054a1874.jpg,9
F:\Practice\train11\ea93aa0f-8402-3a40-86a2-7288ced4.jpg,7
F:\Practice\train11\95e10ceb-7e36-3740-a31c-b00d2a4dfc44.jpg,6
F:\Practice\train11\d77e34d1-6cf4-394c-9a0d-c59f26be.jpg,7
F:\Practice\train11\1bf4598b-3a2d-332d-8107-930b3e7f8cae.jpg,12
F:\Practice\train11\fbd3f57c-6c0b-3d96-9f64-5e66d08a.jpg,0
F:\Practice\train11\c4df2db2-ef32-34a9-968b-c7b1b83abd68.jpg,9
F:\Practice\train11\7676b962-4399-3cd1-881e-a410e100.jpg,10
F:\Practice\train11\image44.jpg,17
F:\Practice\train11\94d79335-4fa4-381c-8a4e-f9dbc0475f1b.jpg,13
F:\Practice\train11\0101f5ce-f5db-3a06-825b-fad7a6a271e5.jpg,12
F:\Practice\train11\6ce6f039-fff2-36d6-8875-162a30674ec7.jpg,3
F:\Practice\train11\caabe455-bb20-372e-8f69-d67f9ce9.jpg,0
F:\Practice\train11\f466fcd1-d635-32e5-8925-2d234dc4c217.jpg,3
F:\Practice\train11\43b4deea-76ef-366f-ba3c-39875b93.jpg,7
F:\Practice\train11\71ddccc3-e9c1-39a6-9fb8-1126804c278e.jpg,13
F:\Practice\train11\95ac167f-7f78-3026-a051-9b7dae49fa29.jpg,6
F:\Practice\train11\2bf36633-b249-3780-864e-5dde4cc709f6.jpg,19
F:\Practice\train11\e3856a3f-b45f-355f-9c1c-57ff73e141f6.jpg,3
F:\Practice\train11\76222b6a-bd27-38e9-820a-d6e3bc59d2ce.jpg,4
F:\Practice\train11\03cc0658-3d6f-386c-93b9-203a98a6.jpg,8
F:\Practice\train11\896ee8f0-ce8f-3fa4-a00c-e357af4e.jpg,10
F:\Practice\train11\55fc9e4d-354c-385b-ac46-74343321.jpg,0
F:\Practice\train11\c5142b34-f5b8-3e24-8105-3ba2d41fdc0b.jpg,3
F:\Practice\train11\bf82a42c-2904-32e9-8237-706609f4ffab.jpg,13
F:\Practice\train11\e7317bd5-2b7d-3fe1-8838-2c585ae28dcd.jpg,13
F:\Practice\train11\image519.jpg,17
F:\Practice\train11\0b95aeca-bb9d-35d7-80f4-41fdd70783c1.jpg,3
F:\Practice\train11\b7e538cc-cb5d-35f2-8428-3f544899.jpg,8
F:\Practice\train11\1eb713bc-6502-321c-a71d-56b50f94302f.jpg,16
F:\Practice\train11\d74af242-1407-37e5-9da3-45b73267442e.jpg,2
F:\Practice\train11\f9ae473d-0b60-3e43-a6f0-0a3b74a4.jpg,10
F:\Practice\train11\7b4d6d72-298d-3a90-b832-b2b4a90bc98b.jpg,2
F:\Practice\train11\3a33ebc5-7cf5-3ef2-aa5d-68a75621dfe8.jpg,9
F:\Practice\train11\ef60cac3-6192-3610-b27b-287a25837606.jpg,3
F:\Practice\train11\f9fa7e3b-8f13-304e-9c76-d2a6ea1c4738.jpg,4
F:\Practice\train11\3eb0436e-d60e-3d5a-bd67-831d1770.jpg,1
F:\Practice\train11\62786508-3efc-3918-b1ff-e11aca98.jpg,1
F:\Practice\train11\9302e531-fdb8-3024-b90b-674a0449.jpg,8
F:\Practice\train11\0f3e3b5b-08ff-352f-9672-2885b1e36baf.jpg,9
F:\Practice\train11\image20.jpg,17
F:\Practice\train11\2c82f6ab-fff3-39dc-a836-59e85408.jpg,1
F:\Practice\train11\image243.jpg,17
F:\Practice\train11\805f5068-9e32-3b5d-ac42-940054a9f013.jpg,4
F:\Practice\train11\a9f1cbd2-bb82-3d27-ad0f-2718a7c109b1.jpg,11
F:\Practice\train11\afb0216f-c263-385c-97bf-b1d7a446.jpg,8
F:\Practice\train11\5f635fec-86ab-369d-83fa-4a10e08045d5.jpg,11
F:\Practice\train11\3851c9ba-883b-3a5f-b527-a25e3751732c.jpg,4
F:\Practice\train11\07acc1d7-7c9b-3f41-bb2d-640e19ad37d5.jpg,4
F:\Practice\train11\5a63808c-2429-37df-9333-39227d572297.jpg,2
F:\Practice\train11\034c0b3f-7bdb-3b24-9621-2fea72be73b8.jpg,12
F:\Practice\train11\31b6e0da-7311-3238-87ef-b0be71e7852f.jpg,15
F:\Practice\train11\16c2c5fe-136c-3f5b-9710-4b2a0942c69a.jpg,4
F:\Practice\train11\49964cb2-900a-3678-8bf2-8d8e278e03d1.jpg,15
F:\Practice\train11\image209.jpg,17
F:\Practice\train11\11c35adb-ce2f-356b-a526-32b16330.jpg,7
F:\Practice\train11\f5fb464d-f866-36c0-ac0d-7862474b.jpg,7
F:\Practice\train11\a6324f86-8821-3870-9564-9b94598f9ede.jpg,16
F:\Practice\train11\edb00752-7cd5-3c52-b25d-fa43a1665e42.jpg,19
F:\Practice\train11\c8361c7d-6525-3845-81ee-3feb9d01.jpg,1
F:\Practice\train11\27bd252c-b74c-3020-a3be-f46ad55e.jpg,7
F:\Practice\train11\6e4416fa-fd19-3acf-9b67-d90a3f62badb.jpg,3
F:\Practice\train11\539c5020-4319-3e46-8a96-f2cd5c40.jpg,10
F:\Practice\train11\5d3833b1-b21b-354b-ac71-0a7f31107ffb.jpg,4
F:\Practice\train11\a6d0106d-77b8-341a-8807-71c0550d.jpg,8
F:\Practice\train11\ae95d1b4-7186-3364-8e39-25d8bac8.jpg,0
F:\Practice\train11\b037c21c-24ca-3f81-b596-cbdf4cf1.jpg,7
F:\Practice\train11\image60.jpg,17
F:\Practice\train11\454b4925-8953-3910-b8bd-a8c00d4e.jpg,7
F:\Practice\train11\0ab006fb-2d00-3341-8ec2-82f8eae71a24.jpg,9
F:\Practice\train11\2097b185-614e-3400-8a17-7a020a0c56da.jpg,19
F:\Practice\train11\fox76.jpg,5
F:\Practice\train11\301d3e70-871b-3a33-b8bd-237d32e3.jpg,10
F:\Practice\train11\c9cf0e04-b398-3c36-9603-877760db3bdb.jpg,3
F:\Practice\train11\dea353fc-5ca9-352d-bb32-ce265d1aa990.jpg,4
F:\Practice\train11\1ed8b681-2c85-3bd3-9852-94a45ce3a706.jpg,16
F:\Practice\train11\fox139.jpg,5
F:\Practice\train11\c0d98755-99ff-326e-a8a6-deb2d8cf6f32.jpg,3
F:\Practice\train11\76722b8c-90e0-336d-a1ed-4abcff330bf8.jpg,19
F:\Practice\train11\c51a7726-efeb-3738-947b-07e9aeb61f95.jpg,14
F:\Practice\train11\image208.jpg,17
F:\Practice\train11\4d650b4a-fcf4-3ea0-b2d5-d12eb6bd.jpg,10
F:\Practice\train11\a63458ec-0aab-34eb-9407-01f285f5d797.jpg,14
F:\Practice\train11\4081268a-1566-3ad0-8f47-8f7d4b19c79e.jpg,9
F:\Practice\train11\2ef36a52-9a24-3f35-bf0a-7bd18e50.jpg,8
F:\Practice\train11\5426149d-a412-3445-b8a1-8778c7ddd837.jpg,9
F:\Practice\train11\1ee77047-d4bb-3e27-a3c0-eef2ff4f.jpg,8
F:\Practice\train11\image43.jpg,17
F:\Practice\train11\859c903d-cd23-3b62-bcbb-546a865a959e.jpg,11
F:\Practice\train11\3f28ef50-883e-3bd6-8e90-2d0c2dc4c480.jpg,11
F:\Practice\train11\2fa8d311-c9fe-30f8-857e-87b2dd6cd8e4.jpg,16
F:\Practice\train11\2e3ae84c-ef75-34b7-aae6-e11d57d87d5b.jpg,14
F:\Practice\train11\eda3ca1d-dcd0-3b3a-9a65-e8fe1c01.jpg,10
F:\Practice\train11\ba6b2403-ce0a-3aa6-8804-412c8d7a.jpg,8
F:\Practice\train11\image434.jpg,17
F:\Practice\train11\c2b2c4fb-22f2-342b-a60d-9465ef0927a6.jpg,14
F:\Practice\train11\df8e1b56-7aa1-3fee-890f-6adc4550.jpg,10
F:\Practice\train11\09e87e5a-f0e7-3f33-9482-bd7014ec21ad.jpg,18
F:\Practice\train11\b01978a2-9a56-3c89-90b8-4a5c93ab.jpg,10
F:\Practice\train11\3e5503c1-b508-33df-9ff2-37c78c9b0241.jpg,4
F:\Practice\train11\915cd4d8-06d0-3b8d-85cb-fd1aabc3a2bb.jpg,14
F:\Practice\train11\fox2.jpg,5
F:\Practice\train11\f91ec14d-49b9-3a8f-a7ed-d55e9cb5f0c3.jpg,16
F:\Practice\train11\564c2c87-1179-3b3b-9a5c-9f3c55708fa5.jpg,5
F:\Practice\train11\48280a26-59a7-31af-8387-3e16d7ec29bb.jpg,4
F:\Practice\train11\211e27c1-7efd-3191-b3fe-abd4b48f40d6.jpg,15
F:\Practice\train11\5875d603-1d86-3fa8-80ef-84ad93c11140.jpg,14
F:\Practice\train11\636de58f-15b6-3057-a069-f785de91c86b.jpg,15
F:\Practice\train11\c4932cd4-8496-342f-832d-6c494f0af05a.jpg,9
F:\Practice\train11\7664c66f-9fe7-3ee5-859f-a6a2c037eaa3.jpg,18
F:\Practice\train11\0e9d27b3-ea6c-383e-b9fe-a917caa1dae3.jpg,18
F:\Practice\train11\9512ae02-5f4c-3023-9966-603712a2d035.jpg,6
F:\Practice\train11\425b6c11-c662-34ec-b6b9-3785ea69.jpg,8
F:\Practice\train11\ec6a764c-267f-3cf5-a9aa-759a2589a9ab.jpg,19
F:\Practice\train11\7ddcb519-b3f9-3e1d-8199-0f876fb88f1b.jpg,19
F:\Practice\train11\4bbe8e20-3bc2-3174-9c72-a5693dd3f08e.jpg,2
F:\Practice\train11\2a516e9d-6985-3c73-9e60-53a2c081dbbd.jpg,13
F:\Practice\train11\45ff3590-0d87-36cd-9bfa-93364a5bd6b0.jpg,18
F:\Practice\train11\ccc7a738-6b88-38d1-9a2c-5375a6e21288.jpg,2
F:\Practice\train11\e84528de-1cef-34d2-8952-611e8890.jpg,7
F:\Practice\train11\6e10321f-55db-3599-a7ab-074190ccf0a7.jpg,13
F:\Practice\train11\2bddefa2-1687-38e2-9fd1-733cacdf1b93.jpg,12
F:\Practice\train11\9e82f2b8-32fe-3e90-8ac4-d4b89ba1834c.jpg,5
F:\Practice\train11\5d0d3aca-7816-3d16-badd-3a7580ddb6f9.jpg,14
F:\Practice\train11\e2f4e173-0071-3e11-b0e5-d74131d6e423.jpg,11
F:\Practice\train11\d9dac0f6-7215-3501-a401-f31b2853036e.jpg,5
F:\Practice\train11\b140936a-d9a8-3cc1-a881-0ff23bb3.jpg,0
F:\Practice\train11\6c89c011-b3f1-337e-b45d-ca1a048a536b.jpg,2
F:\Practice\train11\5e353653-b9f3-3784-a2a7-42fafd6e5a1c.jpg,6
F:\Practice\train11\0576f783-9685-30aa-a23e-48a09451a812.jpg,14
F:\Practice\train11\8009232c-8488-323b-aeba-f423ae90ecbf.jpg,14
F:\Practice\train11\2bb2ce37-8dba-31f9-b664-a258cf00fbde.jpg,13
F:\Practice\train11\809874a4-f368-3b8c-b5a8-9ff5a23ae84e.jpg,16
F:\Practice\train11\02b12a01-08b4-362f-8e18-2166425ce4ec.jpg,13
F:\Practice\train11\01f0fa81-d2fe-3ba0-ad72-41cd3091be1e.jpg,12
F:\Practice\train11\09b3eac7-0a9f-3864-8ac6-0ceef3262fce.jpg,3
F:\Practice\train11\image307.jpg,17
F:\Practice\train11\f33a16af-5c7f-3d4c-8778-420a17772f02.jpg,14
F:\Practice\train11\image16.jpg,17
F:\Practice\train11\42288cac-3d98-3016-9a15-d20c543df4e1.jpg,19
F:\Practice\train11\00bf7a16-8bba-3a49-939b-4c6cd9deff08.jpg,14
F:\Practice\train11\417a29a9-8d4d-3ecc-b4c9-5efa3a18900a.jpg,4
F:\Practice\train11\e9879516-74cf-36ef-9597-9def23db.jpg,10
F:\Practice\train11\3457c8fd-f6b8-3445-aef1-6b6208a23ebb.jpg,9
F:\Practice\train11\b4314ca9-a75e-3d2a-9e11-ac0336f8772d.jpg,3
F:\Practice\train11\082f5f2e-16b8-39c6-a8ef-01f36b8a.jpg,0
F:\Practice\train11\107ea439-9522-30ca-b671-71573f835bd2.jpg,13
F:\Practice\train11\1a70b883-a705-34f5-822f-e0ee3ddf874d.jpg,19
F:\Practice\train11\503a76ff-9b98-3a6d-b170-bf62b15ac53c.jpg,15
F:\Practice\train11\f6de261f-7086-3cc0-8ef7-3c17c46880d7.jpg,2
F:\Practice\train11\c1979520-eeb9-39af-995b-7b0342b8.jpg,7
F:\Practice\train11\20e6f4f1-8b4c-36a6-aef7-2f6b127abec2.jpg,11
F:\Practice\train11\545d87a4-cf3c-3800-a7a9-89a113fb5f41.jpg,13
F:\Practice\train11\444d92ea-0e3d-3d8d-8987-ff2a36b62836.jpg,12
F:\Practice\train11\e333b242-003f-32b6-85ef-5ea8be9abd21.jpg,9
F:\Practice\train11\a29d51fd-e908-33dc-82c9-36dbcecf3c92.jpg,4
F:\Practice\train11\acee6d15-196b-3108-a867-e7b64663454e.jpg,4
F:\Practice\train11\9c2ffb78-d192-3bdb-90a1-0e7dd87c72f6.jpg,9
F:\Practice\train11\b96a70b1-1430-3230-ba44-c021a56aeb18.jpg,13
F:\Practice\train11\8fba0769-9da1-3faa-8bf4-4c3565fb6bba.jpg,11
F:\Practice\train11\6efdeeed-c52a-3aef-9791-8106ee8414fe.jpg,15
F:\Practice\train11\3aa998f1-0a5f-37e9-960e-2b9f5c85.jpg,1
F:\Practice\train11\625c7056-20ad-3d61-a3e8-2906084dca6b.jpg,12
F:\Practice\train11\ac55c74c-dff1-383d-89b2-f4ad4fb30029.jpg,14
F:\Practice\train11\6aad07e8-44fb-31f0-bb06-a40b4cc6a697.jpg,18
F:\Practice\train11\4480700b-0aea-38cc-b6e5-aae2b0a63ef1.jpg,11
F:\Practice\train11\6b1854b7-27c0-3107-bce6-abec0e2628c5.jpg,4
F:\Practice\train11\e3f74fa1-bc6d-3767-a2e0-69be47bd04d8.jpg,19
F:\Practice\train11\af78fe43-6850-3873-a7c2-d57a59dab250.jpg,16
F:\Practice\train11\9a9daf86-2232-36c8-a20c-6113b70c.jpg,0
F:\Practice\train11\86699839-3fcf-34c8-b6df-2805fd1a46ce.jpg,6
F:\Practice\train11\769011c6-dec3-3376-a79e-381282534b28.jpg,14
F:\Practice\train11\d50f3e40-f9a4-3357-9987-04390ba7e189.jpg,5
F:\Practice\train11\37b22744-ddaf-32dd-bd34-decbc43d8fac.jpg,18
F:\Practice\train11\bbe07793-1abd-3f6f-b043-1ce3c16e1aa9.jpg,11
F:\Practice\train11\6b4ff14b-1abe-3341-8bb3-3637ab45a7d8.jpg,12
F:\Practice\train11\bb5e779b-79b2-32c2-ab71-4cec753fef25.jpg,4
F:\Practice\train11\377eb1a9-3053-3e5d-904a-f65ee308d48e.jpg,4
F:\Practice\train11\7d947178-9b54-3c3f-8fd8-0851e77a57c5.jpg,6
F:\Practice\train11\629a69ed-2838-31b5-9bee-44b7cbd3e420.jpg,14
F:\Practice\train11\924158df-c4ed-32fe-ac9a-470b3e2e08f4.jpg,19
F:\Practice\train11\e7b8e04a-c3e4-3e0d-a031-1204dadeb8a7.jpg,18
F:\Practice\train11\6a38f2cb-3c01-3e40-9215-4cbdad29c0e9.jpg,2
F:\Practice\train11\fox172.jpg,5
F:\Practice\train11\78b8db08-a85f-3748-8afe-6aab37d4a260.jpg,16
F:\Practice\train11\be0cac69-6808-3c74-b0df-b1bfc333.jpg,7
F:\Practice\train11\259fc9a7-a7c3-3be1-8edb-7503bf5bcafb.jpg,14
F:\Practice\train11\7434f1b0-042d-3fd5-8983-03c744f3.jpg,7
F:\Practice\train11\4a7667ba-ecd2-3f5c-838d-ae07476132ac.jpg,13
F:\Practice\train11\b0cd5854-15b4-3def-8b63-3731231aa631.jpg,11
F:\Practice\train11\cda79527-f233-3a13-b2cd-13c44f15.jpg,8
F:\Practice\train11\7bc36593-eb20-37f2-b165-b69cb4092b36.jpg,15
F:\Practice\train11\a0e326cd-686f-3901-8298-95896471fead.jpg,6
F:\Practice\train11\1450d494-c5fc-3f9a-90f2-8dca54a9cf83.jpg,2
F:\Practice\train11\4601629f-c2b7-33c6-a8b3-7ac2f66d.jpg,7
F:\Practice\train11\image57.jpg,17
F:\Practice\train11\09552984-ccc6-32ed-8262-02365740e974.jpg,19
F:\Practice\train11\54b02179-8ef1-34df-87e2-ca9543a1019c.jpg,14
F:\Practice\train11\a6861fe1-c46f-3642-8c16-b435dc3f.jpg,8
F:\Practice\train11\ca9f69f2-c46d-3c9b-8151-d2c9f6c6.jpg,10
F:\Practice\train11\e9af61c8-6ef2-31fe-87ca-e040a10a9f27.jpg,15
F:\Practice\train11\e6f45a38-1420-3168-8c5e-d974a2aca4a8.jpg,4
F:\Practice\train11\fc0324b3-3549-3d2d-a0e1-f8dca02f52c2.jpg,5
F:\Practice\train11\dee17e51-205d-3860-a7ff-9ff8e215b26b.jpg,5
F:\Practice\train11\5590591d-3256-3866-adc1-c0302412.jpg,0
F:\Practice\train11\01d5a414-3862-3d09-be68-a9a10acf9951.jpg,16
F:\Practice\train11\0de7f0ad-58a2-3265-bf8f-d4d4a46af901.jpg,3
F:\Practice\train11\4799a0c5-aa6c-3dae-8785-c4f25100424a.jpg,14
F:\Practice\train11\a2523fb1-374e-3f2a-9efb-15ed2052.jpg,8
F:\Practice\train11\1ae70d69-7bf9-3f59-911e-63d2f723.jpg,1
F:\Practice\train11\93f3e821-674b-3957-957b-d60eddea.jpg,8
F:\Practice\train11\de90b064-2fa2-34f3-af69-b4a93046.jpg,10
F:\Practice\train11\b2a4229f-2c03-3e8c-b974-a7760c8a6ec3.jpg,2
F:\Practice\train11\1b9167de-5077-3718-92b8-e66c509297fb.jpg,16
F:\Practice\train11\f448b504-ddd7-3571-97b6-6b5af9b7.jpg,1
F:\Practice\train11\2126b073-bb89-307b-81dc-5f8a1134.jpg,0
F:\Practice\train11\1e42b7aa-dc79-3f45-9682-0e1142b0fc16.jpg,15
F:\Practice\train11\33844677-8158-3e0c-b19d-e8d6a860.jpg,1
F:\Practice\train11\63b166f6-5785-396b-ab15-8b0d726e893d.jpg,9
F:\Practice\train11\bbeca0bf-7b92-3271-9bae-1013891312ec.jpg,9
F:\Practice\train11\377af082-56ab-3355-8c0e-80fabf205f84.jpg,9
F:\Practice\train11\1678a9d7-c51b-3b48-85cb-4b61a8a8.jpg,8
F:\Practice\train11\94e8a160-9b80-349a-af11-cc2c8ee9e9f3.jpg,13
F:\Practice\train11\d8031a63-ffc4-3f5f-8321-84d5784fa4b9.jpg,16
F:\Practice\train11\be0183ed-48fd-3ff6-87d8-0d243bdf.jpg,8
F:\Practice\train11\image116.jpg,17
F:\Practice\train11\9eeb75b0-052c-3674-b3d3-25f683e63eef.jpg,15
F:\Practice\train11\a28e961c-5123-3d1e-97ac-8e20ddd3db94.jpg,6
F:\Practice\train11\e8af0fc0-c430-382a-a733-fee8c023c25e.jpg,2
F:\Practice\train11\image655.jpg,17
F:\Practice\train11\097abc36-1161-3810-b1b0-847ae9f2.jpg,8
F:\Practice\train11\b8798532-d778-3338-b939-066d0eacd7d0.jpg,14
F:\Practice\train11\024c23d7-2c1a-3be0-b440-4ec666d3.jpg,0
F:\Practice\train11\fox44.jpg,5
F:\Practice\train11\e4f992b9-de8c-3a50-be7b-4d0bf930b6e7.jpg,13
F:\Practice\train11\3c1411ff-5b36-3a34-a77a-578c6cc2703d.jpg,12
F:\Practice\train11\ace4dd4a-ae43-3cbf-b744-5ce867540395.jpg,5
F:\Practice\train11\67ce27e4-7df8-3cac-80a2-64c3c4d2.jpg,8
F:\Practice\train11\1ab9c221-bd5f-38e8-b63c-c51fca32d6e1.jpg,14
F:\Practice\train11\92cc8093-54b5-364b-89ce-5a04a2ee5bef.jpg,16
F:\Practice\train11\a8606a5d-5639-310f-940b-0ada8e70.jpg,0
F:\Practice\train11\a17d4a30-5a80-376c-8676-05c1489a.jpg,1
F:\Practice\train11\462cb3a2-2907-391f-80ba-56c29452.jpg,8
F:\Practice\train11\a1b92cf9-1d88-3878-98d2-68f60eb28e8b.jpg,11
F:\Practice\train11\6997729c-c5ed-32dc-9bb7-27449590f376.jpg,16
F:\Practice\train11\image14.jpg,17
F:\Practice\train11\72b4c812-a0a1-3807-88a2-096b8b241a5f.jpg,4
F:\Practice\train11\a4a10e85-a620-322a-9c84-920d23bc432d.jpg,2
F:\Practice\train11\ac2fd8cb-6124-352d-a844-5831677834c4.jpg,4
F:\Practice\train11\eec99ae8-b1e0-3206-8276-608f86006862.jpg,4
F:\Practice\train11\1613e22c-db4f-377b-ae27-5e054fa6b6c8.jpg,18
F:\Practice\train11\fd0dbf21-aaa8-3880-a303-b832e5aadfa6.jpg,11
F:\Practice\train11\783a14af-9bc4-3b27-8b59-0f779b31.jpg,8
F:\Practice\train11\509f7236-36d7-30be-a238-65fadc08c040.jpg,18
F:\Practice\train11\e063ab30-73bc-34c1-a368-77cea7566dc3.jpg,6
F:\Practice\train11\d2fc3757-e0d6-3b17-b9c4-55a5b6322be3.jpg,13
F:\Practice\train11\cc5f9339-4c3b-3843-aee7-b16ff5457f50.jpg,2
F:\Practice\train11\c80b28f0-bdd1-3830-8d40-0de99d1e8147.jpg,2
F:\Practice\train11\image56.jpg,17
F:\Practice\train11\08ca8cbe-c109-3dec-845a-b577d26be7b5.jpg,15
F:\Practice\train11\cb36cafb-8d79-3465-8f98-6233c62d46e1.jpg,18
F:\Practice\train11\be607a44-a784-3f0d-84d8-c14d8687b53b.jpg,2
F:\Practice\train11\515ac16c-f5fb-355e-87bd-11f366e3.jpg,8
F:\Practice\train11\d672b85e-1061-3353-ab0c-9631e2059278.jpg,3
F:\Practice\train11\91d5a64f-7dc3-3d96-9c47-4f1730e9fb72.jpg,18
F:\Practice\train11\be0db840-e358-31e1-a4c9-698e85f62ffc.jpg,2
F:\Practice\train11\24537bdb-7cad-3728-aed1-59e2c9df.jpg,1
F:\Practice\train11\3b7ff3f5-e064-3335-be2b-0b36062706b5.jpg,4
F:\Practice\train11\23a8174b-72b5-3c4c-a629-6cec25f3725c.jpg,4
F:\Practice\train11\b8ed97ad-f006-3174-a522-c1714b7f246b.jpg,18
F:\Practice\train11\1fd55fa5-4041-3d92-8e0d-cc99826d.jpg,0
F:\Practice\train11\a3215d13-f112-327b-a6a6-2c4003e8587a.jpg,11
F:\Practice\train11\2aa173fc-faf5-31c7-8ae0-5e76a6d8.jpg,7
F:\Practice\train11\510967c5-0754-3ad5-a474-4da1789c65f3.jpg,9
F:\Practice\train11\35a2a984-08cb-3f5b-bcfa-e4f964daf77c.jpg,15
F:\Practice\train11\a7dbe19b-0691-3338-bbb9-52bc311b.jpg,7
F:\Practice\train11\3cfbb82c-4476-3e17-9f7c-49e00d77ceff.jpg,14
F:\Practice\train11\050a34fd-5051-3a18-b8e4-439d731221a5.jpg,3
F:\Practice\train11\bdfdfd8a-066a-335f-b94b-8656419edc33.jpg,15
F:\Practice\train11\c3e36a87-c544-34b5-a20b-b2cd847e43f5.jpg,9
F:\Practice\train11\956d98df-7c90-335f-957a-294a7efc.jpg,10
F:\Practice\train11\92287f56-3f19-3d6c-b5a8-cd7ddae14d79.jpg,6
F:\Practice\train11\a7784ba6-97bf-3865-b961-b74ad1ecd210.jpg,9
F:\Practice\train11\8ed7ba0b-312b-314f-803d-531e6cb7.jpg,7
F:\Practice\train11\fox64.jpg,5
F:\Practice\train11\530f65c6-f09a-35b5-8646-13b5d2406226.jpg,6
F:\Practice\train11\b1527efa-bcf0-3253-96f2-54c2af1acf88.jpg,2
F:\Practice\train11\24cd46d9-f988-3ae7-b13c-fa7cfdfdbf79.jpg,12
F:\Practice\train11\a6c20fb0-f10f-3ed0-8740-66cd6c12.jpg,1
F:\Practice\train11\3594748e-fbe2-3f00-84a9-396a3ed786e9.jpg,18
F:\Practice\train11\81dd5911-a295-3395-a64b-86aac7df.jpg,10
F:\Practice\train11\image17.jpg,17
F:\Practice\train11\fox246.jpg,5
F:\Practice\train11\a20bfd01-eb55-333f-8850-c2edb272633c.jpg,3
F:\Practice\train11\352792e1-2769-3983-922d-41cae4e95a1c.jpg,3
F:\Practice\train11\5d4fc634-59f8-3731-bf54-cbd8f7f4bcf7.jpg,12
F:\Practice\train11\298f287e-1c75-3b12-a658-687007e86193.jpg,5
F:\Practice\train11\b830e2d5-1448-3474-a57c-13647cea7573.jpg,9
F:\Practice\train11\5a3d7383-9ae7-35dc-916c-a0727363.jpg,8
F:\Practice\train11\2b980cba-da84-3e4e-b4f9-4149b2642bc0.jpg,12
F:\Practice\train11\118bd592-92a9-3582-a5fe-87cb4e76.jpg,7
F:\Practice\train11\b7dcd75d-91cd-3c92-b71f-9a22fa61bd8d.jpg,3
F:\Practice\train11\b950dd65-88ca-3cd0-bd8a-2929bc6699fc.jpg,18
F:\Practice\train11\47929e8c-b202-38d6-b408-32eaae40.jpg,8
F:\Practice\train11\image13.jpg,17
F:\Practice\train11\515ca3d0-cf46-3933-bef9-fdc02567430f.jpg,2
F:\Practice\train11\fa325a72-6902-3199-b96b-571672f2.jpg,8
F:\Practice\train11\73c2b1e4-883b-366b-a584-f41009206ffd.jpg,19
F:\Practice\train11\048c02e0-f9f7-3641-9958-a8974bfb.jpg,1
F:\Practice\train11\12b5a1c0-7e9a-35e5-acd0-06e480c40e6c.jpg,16
F:\Practice\train11\32ee94ba-266b-3ff1-963c-3b6100f3c369.jpg,11
F:\Practice\train11\8d0c84ec-7bfa-30b3-a68d-02351fed8a68.jpg,14
F:\Practice\train11\8188577f-4446-38bf-aa10-212d53eabbae.jpg,11
F:\Practice\train11\2a16a330-1c8a-34c3-bc00-7e631ddecc30.jpg,6
F:\Practice\train11\8e9d0b16-20ed-3d14-adb4-57b64f171b90.jpg,12
F:\Practice\train11\fa3b677f-1ff6-3421-892b-bea5892b.jpg,7
F:\Practice\train11\401e4a44-5a87-3338-884c-f1e1d99ec95e.jpg,12
F:\Practice\train11\9d430ce9-f8c1-3c9d-8664-eceffe860605.jpg,14
F:\Practice\train11\image85.jpg,17
F:\Practice\train11\15ae1f1e-b924-37cb-88cd-1cabef729572.jpg,3
F:\Practice\train11\66c77101-04a6-3086-95a6-05e1475e0258.jpg,3
F:\Practice\train11\1ebd61ed-944c-3f9a-bf6d-3735dd278e54.jpg,4
F:\Practice\train11\44f00766-6e2f-3953-92a8-974ed106.jpg,8
F:\Practice\train11\image89.jpg,17
F:\Practice\train11\695a9246-0959-3160-a0da-453b3d5b.jpg,0
F:\Practice\train11\80372276-b3e2-322d-846f-b44b8aacc07b.jpg,6
F:\Practice\train11\7cacafca-b776-39c0-894e-ff97fba67190.jpg,2
F:\Practice\train11\e0789cf7-0a42-3d93-a25e-6028d05e2e1a.jpg,14
F:\Practice\train11\695ae4c9-0d93-31a4-9538-b2669077.jpg,1
F:\Practice\train11\e5fc8c8b-80b5-335c-a767-4096a088.jpg,8
F:\Practice\train11\f0804c58-de90-35fe-9a3c-40caef9036cc.jpg,9
F:\Practice\train11\c8f804a2-cd0a-3cf0-9acd-709c7401a84e.jpg,16
F:\Practice\train11\6a2bc6f3-cb52-3661-ba1d-998381a8.jpg,8
F:\Practice\train11\920fe3a8-9f58-3b53-8db5-dc7fea3e.jpg,8
F:\Practice\train11\40025981-f9b7-393e-b2de-31e19847fdda.jpg,15
F:\Practice\train11\032bd918-f7d0-345d-86e0-35b0c2ac.jpg,0
F:\Practice\train11\867dd821-d507-3daa-bb0a-be99a864fb7c.jpg,18
F:\Practice\train11\11434558-aa77-3ec1-9a80-8379213713fb.jpg,4
F:\Practice\train11\40887ff6-85f6-3b78-99ac-03ed50534e49.jpg,3
F:\Practice\train11\2a2617f8-1449-3b44-9233-f3bb34ba5fbd.jpg,9
F:\Practice\train11\b1da983e-d142-3a3e-8e73-0a08bfb11474.jpg,6
F:\Practice\train11\fdc9ef89-3ae6-3925-bc96-349c2d3b6e58.jpg,9
F:\Practice\train11\93c8cc30-3f96-3ac6-bcef-0086ecc2.jpg,0
F:\Practice\train11\3a0776b9-bb1a-33ed-9194-d401fe263547.jpg,4
F:\Practice\train11\7f10562d-caa7-3854-bfe8-75394ad3.jpg,8
F:\Practice\train11\3c713c81-f280-31f7-9685-2207852cbfe7.jpg,18
F:\Practice\train11\50ca8905-03db-3f0e-aa43-0f816b18.jpg,8
F:\Practice\train11\047e2835-9a73-306c-9383-e804068e57fa.jpg,6
F:\Practice\train11\112854f9-52a0-33de-a7dd-16939f14.jpg,8
F:\Practice\train11\cd98563e-83d1-31c9-b463-9a5f1c8ab8f5.jpg,14
F:\Practice\train11\2c340afa-83f3-3af4-afbf-9bbfecbc9ded.jpg,2
F:\Practice\train11\902409b5-d69d-319d-af75-eb6b8a2783e5.jpg,15
F:\Practice\train11\f6ee3237-84fc-3e3d-929e-9431770a.jpg,0
F:\Practice\train11\86466aa4-ba18-3ee5-bcf5-c1e50fa3f40b.jpg,4
F:\Practice\train11\ae43c381-4803-36c9-b5e0-810a36fb.jpg,0
F:\Practice\train11\e2f5de5e-b074-381d-806b-3057d5e9.jpg,1
F:\Practice\train11\50cfda91-8d7f-3782-9808-fe2ad7e07044.jpg,14
F:\Practice\train11\aa6d7ab3-df0b-318d-9474-50abcc313b43.jpg,15
F:\Practice\train11\8ec51ec4-05a3-336b-a43b-6af78c17129d.jpg,12
F:\Practice\train11\5ed61acf-7b8f-372c-b91b-bdcc9cfe8266.jpg,16
F:\Practice\train11\e064d769-4072-3f04-aa36-c539a898fdc0.jpg,19
F:\Practice\train11\75282605-b233-30b0-915f-e2e65cbecba2.jpg,11
F:\Practice\train11\c269bdd9-6e6a-3fed-9daf-c96e09d0.jpg,8
F:\Practice\train11\f1e6fe75-e649-3c8d-bd9c-daa3f274ef1a.jpg,14
F:\Practice\train11\2e1114a9-2a49-359b-bfaa-d277b5b0.jpg,8
F:\Practice\train11\270081cd-e78f-39a1-b995-a86d51fcfa72.jpg,2
F:\Practice\train11\f803e019-e926-3b67-a8e4-ef76b1818796.jpg,4
F:\Practice\train11\71a7ee7f-9faf-3891-bf15-3832afa377d6.jpg,2
F:\Practice\train11\794f8ec0-dd8c-3053-9ebc-c2ad1328d667.jpg,18
F:\Practice\train11\c778b696-e124-3e16-933a-770b00d2.jpg,10
F:\Practice\train11\7c98b200-cc5b-313d-870f-ce42cd50.jpg,7
F:\Practice\train11\image50.jpg,17
F:\Practice\train11\63988363-5b98-3e20-b16d-7b1c003d.jpg,8
F:\Practice\train11\ae4dcd52-f0de-3932-8589-f44f4f8b8b24.jpg,2
F:\Practice\train11\6214724e-c5ed-3c84-974e-1f593f0d.jpg,7
F:\Practice\train11\e64d3089-aeee-3550-81e5-c4adecc4c4af.jpg,15
F:\Practice\train11\95df9759-53e4-3f60-bd28-4e4ec481.jpg,10
F:\Practice\train11\f270e5b1-c1ae-3c50-a927-f1e1faf1b3fd.jpg,5
F:\Practice\train11\image32.jpg,17
F:\Practice\train11\3409caa6-da16-3fa0-910e-dca7c64c.jpg,7
F:\Practice\train11\7e143936-6e78-33b8-8a0f-8a3a889cec51.jpg,9
F:\Practice\train11\6b9bff3a-5479-31ed-960c-0728c974.jpg,0
F:\Practice\train11\29e44c6a-9165-341b-831c-aec857b0c42e.jpg,16
F:\Practice\train11\c64a7c09-ab8b-3db8-97bb-b260a1d479c6.jpg,6
F:\Practice\train11\3ab0483d-818a-30c4-a891-d712bdab.jpg,1
F:\Practice\train11\1d77bc16-5dc4-3a38-9ef7-69cb8d488b38.jpg,12
F:\Practice\train11\092615c4-799d-3fbb-8e5c-06718a9f7fd5.jpg,12
F:\Practice\train11\4417f3db-3116-36d3-9bfb-4b0d5e04.jpg,7
F:\Practice\train11\6a68c2ef-393e-3864-89a4-238dd08002cf.jpg,15
F:\Practice\train11\231d9f80-3354-3c68-8bc1-0ead8b6d.jpg,10
F:\Practice\train11\6e4d2a1c-541d-3e21-8459-b87f56f23733.jpg,4
F:\Practice\train11\820458b9-b9db-3afa-b38b-38cc74612783.jpg,3
F:\Practice\train11\5512029188_9cf185fe2b_z.jpg,17
F:\Practice\train11\0ad90d15-844b-3fec-af28-7a4f33c6.jpg,0
F:\Practice\train11\5b43d0c5-8123-37b6-ba34-b7fb95575aa6.jpg,15
F:\Practice\train11\eaed2e4c-f4ee-3a83-9a93-47085b7cc260.jpg,6
F:\Practice\train11\756c11e4-8aa2-33af-b535-2643c8dc0179.jpg,9
F:\Practice\train11\e5905c39-5132-3eb5-bbcf-8bf8c2c6d4e6.jpg,16
F:\Practice\train11\650c2ed4-e642-3b26-a707-f270ee5b0753.jpg,13
F:\Practice\train11\d629dad1-296b-334d-b198-e7e981c0.jpg,1
F:\Practice\train11\ec186f93-7017-3a8d-a1df-dffcdb745d86.jpg,6
F:\Practice\train11\14db4242-4f4d-3a08-b14e-8f3704d9885d.jpg,9
F:\Practice\train11\06fa6d52-843f-351f-b77f-cd59729cbe8f.jpg,11
F:\Practice\train11\cb0f1756-6cfd-36c4-a07f-80bfd8ca58db.jpg,3
F:\Practice\train11\d5a418b5-bf4c-37ba-8500-e658370e.jpg,7
F:\Practice\train11\233c3ee3-4617-3ee3-bd67-b03153466410.jpg,18
F:\Practice\train11\be9150be-208b-32c9-a0a3-9a30a18646f0.jpg,15
F:\Practice\train11\34e6f5d9-24e6-3d3f-97a0-cdc251b3.jpg,1
F:\Practice\train11\29b5cb06-24d9-36bf-996a-ca47d411bd84.jpg,18
F:\Practice\train11\3951db77-bac1-3113-b746-8ff05d45.jpg,8
F:\Practice\train11\0e71131b-742c-3530-a50e-3cedcfcb.jpg,1
F:\Practice\train11\399234a1-cdba-3906-aa8d-0c7bf4dc.jpg,10
F:\Practice\train11\83b1a0b2-3589-3280-9b78-f8e96a739a99.jpg,16
F:\Practice\train11\1e20af5c-ba83-3eab-b0d8-a6b25f7e.jpg,10
F:\Practice\train11\34e67193-b552-3af4-9690-199e6593ed84.jpg,19
F:\Practice\train11\889e48c6-bd17-3f4d-95e8-5ecd1489.jpg,1
F:\Practice\train11\ab3d6585-ba00-3753-9228-799586c889aa.jpg,3
F:\Practice\train11\3da6358d-de6e-38ba-996d-e7eaba6c8541.jpg,12
F:\Practice\train11\4f90a412-25a2-3c66-9247-15a2d9d12153.jpg,6
F:\Practice\train11\b5003861-f37b-32f0-ac88-90c68678.jpg,1
F:\Practice\train11\1af82ef2-1f29-3dc1-bda6-a73c476d4be8.jpg,13
F:\Practice\train11\7191c6dc-9206-300b-8af2-c288fa6d9a1c.jpg,11
F:\Practice\train11\3a3737cd-af19-31e7-8be0-71284a2175ed.jpg,15
F:\Practice\train11\02f772e8-be6e-39be-8b7a-59f42c18.jpg,8
F:\Practice\train11\c88aa86b-499c-3577-88f6-13b6c2945e1f.jpg,6
F:\Practice\train11\82eb80c1-81b8-3386-a51c-3ae43d58f71b.jpg,18
F:\Practice\train11\192f1f93-fb4d-3ee5-b6b7-07aabeb6.jpg,1
F:\Practice\train11\0d6510d1-b6bd-36f7-835c-6eef273d.jpg,8
F:\Practice\train11\4e0ab1ca-a7fb-3795-bcd8-36469c1e.jpg,10
F:\Practice\train11\b2280291-46db-3037-a74e-97678af9ea1c.jpg,16
F:\Practice\train11\9345a862-6907-32d0-913e-45aff6794f35.jpg,3
F:\Practice\train11\271717e5-6781-3843-a22d-92cade8eab8b.jpg,13
F:\Practice\train11\874cdfdd-4cf7-3366-8239-58f544d762c2.jpg,6
F:\Practice\train11\fox106.jpg,5
F:\Practice\train11\image2.jpg,17
F:\Practice\train11\0a95ede9-91cc-38e2-9cb7-4509090c7b40.jpg,18
F:\Practice\train11\fox235.jpg,5
F:\Practice\train11\d0e4f9d1-9438-3280-b757-54e347a84147.jpg,2
F:\Practice\train11\1c4cfbd7-9e0a-3c66-a94a-4935612b5747.jpg,11
F:\Practice\train11\3869d480-0c62-35f6-8c68-8ecb66045c2b.jpg,11
F:\Practice\train11\0a2b4026-ef84-3925-a25a-7ccaefaf3156.jpg,14
F:\Practice\train11\1d9fed72-4509-3b39-b489-34657d2c.jpg,1
F:\Practice\train11\68a80af0-d6be-3bc4-861d-6bf4066dade0.jpg,13
F:\Practice\train11\55b3af3b-36c7-33f4-a2c9-8cc00897e6f9.jpg,14
F:\Practice\train11\b753153d-72d1-3871-8c49-ac9d519eec8e.jpg,9
F:\Practice\train11\2aeb03c3-eca7-3ae8-a1b0-a77d7743.jpg,7
F:\Practice\train11\3d264081-b774-3898-a442-b7e3ae00.jpg,10
F:\Practice\train11\5f2fec02-9eeb-357e-94b0-48dd5d394cb8.jpg,18
F:\Practice\train11\576171b5-6757-3657-8891-4fbe97bdb1a3.jpg,12
F:\Practice\train11\9436b9e0-fc73-34c9-8c26-e5b9d2c9.jpg,10
F:\Practice\train11\dd029769-2172-380b-9972-932332b3.jpg,1
F:\Practice\train11\17c42617-5980-31eb-9b55-78e4a40e8d8a.jpg,19
F:\Practice\train11\c04fe5cb-a317-3736-a42c-9c4eca756e54.jpg,5
F:\Practice\train11\image54.jpg,17
F:\Practice\train11\af3f463d-ad29-3792-bafc-8e1207c389cc.jpg,9
F:\Practice\train11\dfd1ee58-6569-381d-8352-bc9aabe333fb.jpg,19
F:\Practice\train11\fox254.jpg,5
F:\Practice\train11\fedaeab0-122e-3b2a-ba3d-4a91242b2d0d.jpg,6
F:\Practice\train11\e7033390-2b2a-3449-adc3-e28ea71f1eae.jpg,14
F:\Practice\train11\e50b49a8-abcc-3be8-a06b-78f9532b.jpg,8
F:\Practice\train11\6893ba11-f6d3-3e55-952a-78d543285851.jpg,9
F:\Practice\train11\bac0ca7d-d189-375e-a2c9-8977606a2c78.jpg,18
F:\Practice\train11\cff1d28c-f967-3c82-881f-450888a1d5ae.jpg,14
F:\Practice\train11\d56c1d3a-58d0-3951-b717-c3c7a5fe2526.jpg,11
F:\Practice\train11\3c62825b-b1be-37cc-a2a2-0787d269b939.jpg,12
F:\Practice\train11\24e20640-9de4-3a9d-9a12-1bccd2d3767a.jpg,14
F:\Practice\train11\fox107.jpg,5
F:\Practice\train11\424829df-70d8-3589-8eb9-e6179d17b04d.jpg,11
F:\Practice\train11\7fb06356-9be7-3541-86b3-962a3f144ffb.jpg,3
F:\Practice\train11\51b38bed-5938-3a5f-834a-1666fd98b011.jpg,13
F:\Practice\train11\8bdffc5c-8a13-3f73-abd5-eca84fd5af49.jpg,11
F:\Practice\train11\7abbee3c-42d2-367d-b255-5164be25.jpg,8
F:\Practice\train11\20da81fa-67e5-3919-91d3-80adc16476aa.jpg,15
F:\Practice\train11\7cfc6c98-c4cb-30c0-a407-c133f14d277c.jpg,4
F:\Practice\train11\b07c6aca-bb81-3756-8297-6efed464.jpg,1
F:\Practice\train11\723dabd7-c711-3b30-8da8-52f78cf97ea2.jpg,16
F:\Practice\train11\df7b902b-5732-3469-9c22-dcf60352ef86.jpg,9
F:\Practice\train11\5a33de17-1037-33f3-97cd-cc751f02b4a0.jpg,4
F:\Practice\train11\4368cfdd-2e94-32ba-94e8-e7a88c39.jpg,8
F:\Practice\train11\6c9e14db-9944-390b-93d8-0b89c56e.jpg,10
F:\Practice\train11\f208dcdd-734f-3bec-bbb7-85a64a2f1b71.jpg,6
F:\Practice\train11\6e20090f-19b2-3446-b9cf-a657fd597457.jpg,14
F:\Practice\train11\ec9e6931-e0ae-36ad-b3a5-b52a192d55b1.jpg,15
F:\Practice\train11\1f2ad3f1-c391-321c-9fa3-66179a4d64d5.jpg,14
F:\Practice\train11\4fb1ea6b-257e-3ced-9108-852aee74e490.jpg,13
F:\Practice\train11\22ffca7f-8697-3be9-b5af-19be6203.jpg,1
F:\Practice\train11\20154292-de61-3b35-b0c6-ac8dde110c77.jpg,5
F:\Practice\train11\9bf921ec-b853-390f-b5b9-5dceda0f.jpg,8
F:\Practice\train11\1205841c-11ab-3b54-aee0-27fff432cdc2.jpg,13
F:\Practice\train11\99923711-c404-3634-9163-44e53eb4.jpg,1
F:\Practice\train11\7ee7bbcc-ff84-3d26-b8cc-8ee2e7a49869.jpg,19
F:\Practice\train11\7c1de485-1437-33ec-8b4c-fa3b6019.jpg,1
F:\Practice\train11\49e2c487-dad7-39d1-8cd7-f0a29f1ac7f8.jpg,19
F:\Practice\train11\74707ffb-696c-3a12-8563-8d34356a.jpg,0
F:\Practice\train11\a7fef1b0-3da3-3e6a-8da1-c2b86b62.jpg,7
F:\Practice\train11\527253b3-1b41-3755-afd3-5cbeadc6e4a3.jpg,14
F:\Practice\train11\28d392fa-1635-3283-a478-9a9e7c139085.jpg,14
F:\Practice\train11\526e73e5-1675-3a42-9cea-939c91c01f72.jpg,18
F:\Practice\train11\cc5460c0-85e0-3da6-847b-342532f4e718.jpg,2
F:\Practice\train11\fdb0ab06-e050-3c54-a4ac-6af40cfd.jpg,0
F:\Practice\train11\07510179-b506-389d-bc67-ef67c3391b9e.jpg,19
F:\Practice\train11\6556391e-ffe1-3e35-8796-3c887b67.jpg,8
F:\Practice\train11\a1503c96-0f31-3d12-8cae-eae8397d.jpg,7
F:\Practice\train11\9e84c347-3aa4-3442-a8dd-eea578f37656.jpg,12
F:\Practice\train11\d04b8b21-8b18-3b29-a6e6-454d0883c1d0.jpg,4
F:\Practice\train11\b35c6af4-67d3-3e87-b62c-3fd66f1b.jpg,10
F:\Practice\train11\6c008ba6-72a5-3978-93f9-90691ec0.jpg,1
F:\Practice\train11\3752d73f-9893-301d-add5-03f8b1664a12.jpg,13
F:\Practice\train11\47618835-24de-3f94-9da0-8312b7db83d6.jpg,4
F:\Practice\train11\b4c33226-6a41-3e7e-b934-8f71f9fb.jpg,8
F:\Practice\train11\afa874d2-ea33-3af6-a576-665553ba.jpg,8
F:\Practice\train11\d0fc9e10-4b03-302f-aca0-0a00cf08fe3e.jpg,14
F:\Practice\train11\9111a16e-9d02-3d57-a682-fcc2e761.jpg,0
F:\Practice\train11\4b953de9-58f5-3905-afa4-47f696ea812d.jpg,2
F:\Practice\train11\7d3382c1-9308-35f8-be23-59da7bb69f3f.jpg,5
F:\Practice\train11\70edf1ac-1c5e-3c69-aefa-10335add8ec5.jpg,14
F:\Practice\train11\a026b23c-f165-3b67-9ea8-7b68ddfd.jpg,1
F:\Practice\train11\068bac18-91b9-340e-9c9e-94066078.jpg,1
F:\Practice\train11\07130e67-940e-321b-8c2f-cf41609b.jpg,10
F:\Practice\train11\39022a6a-2156-328b-aa57-b693ad5bf420.jpg,4
F:\Practice\train11\71118903-323a-32b8-8b45-c710e011.jpg,0
F:\Practice\train11\4cc37590-db86-3946-9936-5ce4776988cb.jpg,12
F:\Practice\train11\2631dcd1-a751-3609-ba5c-5c203938fa1e.jpg,11
F:\Practice\train11\0fff6c22-4c30-30f8-bb4c-eed93bae0800.jpg,3
F:\Practice\train11\7de98e7a-d273-3523-b7b5-60b7fc91.jpg,10
F:\Practice\train11\8ed402c8-a7f5-3a33-9594-753b9611d657.jpg,16
F:\Practice\train11\2a6b4f6c-f886-3239-86d2-ecb3ce43a9f5.jpg,9
F:\Practice\train11\b49532fb-7e8f-31bf-9ea4-d0f53ca847af.jpg,15
F:\Practice\train11\6bfd5da2-2734-3f14-bba0-3a90db8e4268.jpg,18
F:\Practice\train11\a41ae6cf-dc96-3683-84d3-1e6b5faef05e.jpg,14
F:\Practice\train11\8d945f23-7028-3662-97e1-31295a8ef6fa.jpg,14
F:\Practice\train11\9454d6a5-e48c-3c7a-a711-1ed0856d188c.jpg,14
F:\Practice\train11\64778bbe-d1ca-31b1-916e-3ad299c2e279.jpg,18
F:\Practice\train11\5aa4d935-bdd4-30d7-87aa-018b1606.jpg,1
F:\Practice\train11\7fe07880-53fc-3738-926a-2acc9b91.jpg,0
F:\Practice\train11\76421431-8174-39b8-a269-51929787a467.jpg,3
F:\Practice\train11\dca1c341-44c3-3eec-907c-a11b1dddbc1b.jpg,9
F:\Practice\train11\17018e87-94ab-38c7-9af1-9b137b05.jpg,8
F:\Practice\train11\ee36ee27-fbac-3ab7-bf39-ef47e6deedcf.jpg,14
F:\Practice\train11\b7418559-5c1d-3e9a-93dc-0b7ea9345e88.jpg,19
F:\Practice\train11\1c0f92a6-4458-330b-84a2-6127c41eb775.jpg,19
F:\Practice\train11\2c4baa83-a84a-3c96-88b9-35b953061ec7.jpg,2
F:\Practice\train11\309e224e-e2e0-3213-9bc2-a52e1ec0ea81.jpg,3
F:\Practice\train11\778380ed-9f13-36f9-8530-51a89415ecfd.jpg,6
F:\Practice\train11\eb60eb05-ee51-371b-a34a-25865cd4beff.jpg,4
F:\Practice\train11\f7d9b42b-fbe1-32e9-ae8f-a3aa7196.jpg,7
F:\Practice\train11\86b7a387-d0ca-3c53-a19a-c5687105aa43.jpg,18
F:\Practice\train11\09b3503a-f662-39b4-bcaf-8a8568a5f20e.jpg,19
F:\Practice\train11\1c8385d1-0ccf-3d13-895b-27c2b2d73813.jpg,18
F:\Practice\train11\79488982-f50d-3d35-9247-dce303edd8d9.jpg,4
F:\Practice\train11\ae9b5c3f-264a-3a7c-b0a4-549cd6b0621b.jpg,16
F:\Practice\train11\fox61.jpg,5
F:\Practice\train11\shenghong_zebra_23048501-1c6b-3a7b-bf23-cb1a1e7075dd.jpg,19
F:\Practice\train11\b478abeb-83bf-3e45-9c2e-ef3a9e663870.jpg,11
F:\Practice\train11\71a6b3c9-6e8e-3253-aebd-eb9e5731.jpg,7
F:\Practice\train11\26de8b5c-5a47-31f3-8801-54d2f1b9.jpg,8
F:\Practice\train11\fox116.jpg,5
F:\Practice\train11\f9a0dbce-2415-394b-a163-87346faf.jpg,8
F:\Practice\train11\969bf15c-2046-35f7-bc80-dab7312c91a2.jpg,19
F:\Practice\train11\7c0d9fb2-c43b-34d7-ad3b-b4e60458ada4.jpg,5
F:\Practice\train11\5324035e-35db-3c7d-b891-88c0561e.jpg,10
F:\Practice\train11\ca70bf1b-9fce-36f2-b037-28007927.jpg,10
F:\Practice\train11\1caede89-04b8-3d94-8889-0b93a607.jpg,8
F:\Practice\train11\image172.jpg,17
F:\Practice\train11\d21019e0-8e43-3f05-82f0-0da2fc503c8a.jpg,15
F:\Practice\train11\92248453-a647-3819-acc0-3e8c6be2b6eb.jpg,9
F:\Practice\train11\a03e2f49-a53f-359d-b43b-d5fbd4bd8bb5.jpg,5
F:\Practice\train11\99b52942-bf52-3945-9cf4-4b749d42ea91.jpg,6
F:\Practice\train11\c881be23-1508-3fd2-9483-6ba6114bfe75.jpg,6
F:\Practice\train11\927818e0-a2e7-39d5-8b09-e0aab4238226.jpg,9
F:\Practice\train11\f69f91eb-e69f-34b9-8781-8cffbec0.jpg,7
F:\Practice\train11\3edda0d4-ed2d-30a2-be7b-e536d8e2838c.jpg,9
F:\Practice\train11\d24433a4-43e4-38f9-ae0c-94979cd4a44e.jpg,5
F:\Practice\train11\230b41ff-ae9b-3ffa-ad16-d906ebec.jpg,7
F:\Practice\train11\84fabc01-cd30-3bd8-b609-408abba6.jpg,8
F:\Practice\train11\2e0f5e90-7866-3b73-b5d2-348751a4.jpg,7
F:\Practice\train11\b4b631f6-4d6c-3d78-aca6-62e717c1.jpg,8
F:\Practice\train11\fox195.jpg,5
F:\Practice\train11\0a18deb4-40cd-3f63-8d2b-78381b80.jpg,1
F:\Practice\train11\2c7f1b70-e8a4-3692-a867-969bd058036d.jpg,6
F:\Practice\train11\fox188.jpg,5
F:\Practice\train11\a0d9d010-ff1c-3e3d-a94d-88e965f0.jpg,10
F:\Practice\train11\e2562e38-7ba4-37f9-adb6-a5c849a2.jpg,7
F:\Practice\train11\da98c980-4bc0-38f3-a783-9fa041c6.jpg,7
F:\Practice\train11\a7039dd5-7241-3c19-ab91-d7e6a06acbda.jpg,14
F:\Practice\train11\9e2e2d56-0355-3e18-8f42-e4f48427128a.jpg,13
F:\Practice\train11\image623.jpg,17
F:\Practice\train11\16f0844f-34f1-393c-b14d-1735b9196120.jpg,16
F:\Practice\train11\7f7a6165-1aea-34a2-8715-fb847beb.jpg,1
F:\Practice\train11\48431c05-0738-3945-814f-8e941244fadf.jpg,16
F:\Practice\train11\ff4b4b19-73ba-3c63-99e5-685c0a6b.jpg,8
F:\Practice\train11\5faf7fc2-2ff5-3747-bbcd-a984c23bfba5.jpg,11
F:\Practice\train11\74410cc1-d388-3acc-8997-c80a9367b67e.jpg,4
F:\Practice\train11\0178883c-c292-3258-8db2-8857d297c5d3.jpg,19
F:\Practice\train11\2f8438f1-3080-3761-94a6-d0f5d1253f49.jpg,14
F:\Practice\train11\6b02e400-7337-3d64-a9fa-7aa9511c8b26.jpg,19
F:\Practice\train11\image169.jpg,17
F:\Practice\train11\8f8e049a-08a3-3f05-af0c-4cc3847fa327.jpg,13
F:\Practice\train11\06ef1da8-41fc-358a-b9d3-52a925fd397e.jpg,9
F:\Practice\train11\51826fc7-e405-36eb-988d-2d4895f8ee63.jpg,13
F:\Practice\train11\image454.jpg,17
F:\Practice\train11\13150268-eb24-30ba-95b6-18a295367086.jpg,9
F:\Practice\train11\043e9eba-01d4-3575-b6cc-33c86bea.jpg,8
F:\Practice\train11\abb6f4a7-5cc2-3ab0-8184-4c31da343963.jpg,9
F:\Practice\train11\32daf143-f3fd-3819-b2c0-27f5d293.jpg,0
F:\Practice\train11\72f7817e-4c8c-3bb1-8a28-e2a6ce431778.jpg,11
F:\Practice\train11\d5cf983a-2887-305a-a43c-6d30a932272d.jpg,16
F:\Practice\train11\d201f248-56c2-3d27-902b-67a75426.jpg,1
F:\Practice\train11\62d31a9d-f249-3f9f-8619-636e6eca.jpg,8
F:\Practice\train11\358af8c9-95bd-3a30-b8d6-f41332c9d171.jpg,3
F:\Practice\train11\46e3199c-b247-3e59-912f-2db583739bac.jpg,2
F:\Practice\train11\150d0b44-5b89-3647-a626-caf4f04423a9.jpg,4
F:\Practice\train11\0e8feed0-a613-3917-b1c8-d182133720ff.jpg,18
F:\Practice\train11\3378370d-5264-384c-8cc7-396aa36f0719.jpg,9
F:\Practice\train11\8f12d9b8-74a8-383f-95e1-d6a068e6599e.jpg,3
F:\Practice\train11\01c0fffa-dd6b-3caa-a79b-c97afa01fb4f.jpg,12
F:\Practice\train11\86047522-1159-3cca-b69d-c3ef688510fa.jpg,6
F:\Practice\train11\93df6b98-1c2d-3cdc-991e-72b318ceafb5.jpg,4
F:\Practice\train11\0e6e6c75-e460-333c-8dfb-93a84661a3db.jpg,2
F:\Practice\train11\ea5e7c18-15f1-35dc-b08f-8d337014d0ed.jpg,13
F:\Practice\train11\7d99930a-3bde-3987-9419-7e777e63a66c.jpg,12
F:\Practice\train11\b9b586f0-6306-32ed-89d8-17f883b7039f.jpg,18
F:\Practice\train11\160350f5-de56-387d-b8b7-ff1e0626.jpg,8
F:\Practice\train11\623951f8-18db-3503-9492-8b972600adb5.jpg,3
F:\Practice\train11\b176569e-705c-3167-a5ca-a32a4a4c830f.jpg,16
F:\Practice\train11\3b7e716b-54b3-3814-8f69-95662d6ffe21.jpg,15
F:\Practice\train11\54236789-ba5c-31a0-b2da-e064f60b3f06.jpg,15
F:\Practice\train11\5a831c72-5f75-3278-bac2-af7b702e4f42.jpg,11
F:\Practice\train11\109d1077-18cc-3996-8687-bce8ac05.jpg,1
F:\Practice\train11\a2f67e60-5fc5-3487-a726-7c005be1d7f1.jpg,14
F:\Practice\train11\8b3bb7f8-382f-3bf1-8aff-522b623994b6.jpg,2
F:\Practice\train11\7d9d389f-a53c-3c67-9b50-1170b17ca181.jpg,5
F:\Practice\train11\8f43d6aa-3c15-3a76-8524-b68bdbfb1527.jpg,11
F:\Practice\train11\cb7015fa-ea0b-3880-a3f9-8cff96c3366a.jpg,6
F:\Practice\train11\ebb1fb97-bede-382a-92db-2b48191b5de3.jpg,11
F:\Practice\train11\ce5cac73-425a-3e3b-971a-ae74be453cbd.jpg,14
F:\Practice\train11\2bc3d785-011c-3351-833c-aa7303ee.jpg,7
F:\Practice\train11\3f3b14be-7ea8-3a3b-b17c-8a8223ec.jpg,1
F:\Practice\train11\48703927-4b86-328a-9dee-022c55d58849.jpg,18
F:\Practice\train11\facde561-590f-35e4-94e7-4edcecaf4287.jpg,19
F:\Practice\train11\e740ca94-5777-3e91-8de6-f23c754ed335.jpg,16
F:\Practice\train11\ba5ca6ca-ada4-352b-ac4c-fd45b2cce732.jpg,14
F:\Practice\train11\bb765df6-0ddd-3a7b-9b8c-e64b50aa.jpg,8
F:\Practice\train11\ea55d14d-e733-3ff2-a8ce-988ea0730ace.jpg,6
F:\Practice\train11\b7a1b0dc-472a-3f45-87d5-6b435536.jpg,10
F:\Practice\train11\22870e9a-f257-3074-b1a6-a1828226.jpg,10
F:\Practice\train11\image276.jpg,17
F:\Practice\train11\82a3681c-2675-33f6-94ba-502d541779ad.jpg,18
F:\Practice\train11\94aacb13-aa47-3742-a88d-65c1a951.jpg,0
F:\Practice\train11\image15.jpg,17
F:\Practice\train11\2b4eb665-4604-32c1-b7a6-9306a6fef4f2.jpg,12
F:\Practice\train11\fox114.jpg,5
F:\Practice\train11\2003c072-0f50-3909-b11d-b3e26964.jpg,1
F:\Practice\train11\fox269.jpg,5
F:\Practice\train11\90ab2c16-1ee0-3ed7-b1fb-093ff08b3c8b.jpg,15
F:\Practice\train11\afdaf183-ccce-3715-b3e5-5384f4d699fa.jpg,19
F:\Practice\train11\ca1914f6-c047-3b29-bd25-aae9b51e.jpg,8
F:\Practice\train11\6e204e5d-fab7-334f-849b-14383c93429b.jpg,13
F:\Practice\train11\f9512e8a-144e-3048-8ec7-e9b5a63fcb21.jpg,16
F:\Practice\train11\c4e0335e-38d8-3141-a0a9-c69a2aedd59a.jpg,13
F:\Practice\train11\848071fb-218d-32dc-8bec-09044ac96a4c.jpg,18
F:\Practice\train11\e2052a1d-39ad-3705-b8ad-e7cfd11d4881.jpg,19
F:\Practice\train11\6c96a801-0f61-3b6a-8cb3-37feba93.jpg,1
F:\Practice\train11\503c0123-1015-3f5c-a0d4-ed2a87fdd5ec.jpg,12
F:\Practice\train11\2d12de6c-b35d-3bdb-8042-13c0f1627fc7.jpg,14
F:\Practice\train11\ade01bf4-09bc-36f4-aab5-e9443e3472ad.jpg,2
F:\Practice\train11\ff5cba98-0532-3936-93bd-776a5070.jpg,10
F:\Practice\train11\2fac04b3-8c37-3cc9-9136-0c616673e7b4.jpg,13
F:\Practice\train11\c5d730b0-b032-376b-a686-bdbec873564d.jpg,16
F:\Practice\train11\44f375ae-553b-3a32-971e-63f31a78.jpg,10
F:\Practice\train11\68a92a5d-86b7-35b4-b6c0-db4bc4c990c4.jpg,15
F:\Practice\train11\a9f0ffdd-0272-3b98-a9c9-10a4ef46.jpg,8
F:\Practice\train11\9900228e-064c-343d-a640-ab0228aa.jpg,0
F:\Practice\train11\0059084e-bdac-3d9f-8420-e4808bcf.jpg,0
F:\Practice\train11\c4648032-ec82-32af-b952-c486ad469c4b.jpg,3
F:\Practice\train11\39b9ec39-8a92-3b34-a162-330303651ff9.jpg,12
F:\Practice\train11\c38c2d3f-94a6-36ce-bd28-f8a5b34d7ccc.jpg,6
F:\Practice\train11\f6b84433-86f2-3d8b-bf0e-6651c813bd22.jpg,18
F:\Practice\train11\7bc7ccc5-1201-3f5a-965c-a8c8e38858b6.jpg,4
F:\Practice\train11\bea5bfb4-5856-32a1-ae13-05f01102.jpg,1
F:\Practice\train11\a202c3a8-c57b-3d64-8d56-64d84cdaa579.jpg,18
F:\Practice\train11\c0878103-7e66-3acb-9018-785399c0c533.jpg,4
F:\Practice\train11\2df09b37-305e-3498-a5bd-947ef4f2a0a1.jpg,14
F:\Practice\train11\718e0ff3-b002-340b-a5f3-da4a791a.jpg,8
F:\Practice\train11\962695b8-9146-3b60-8521-2322fce3689c.jpg,15
F:\Practice\train11\b724e483-6dcd-388d-b828-aff56e1d356b.jpg,14
F:\Practice\train11\29f11b54-4bcf-3b68-93dd-f9e11a69.jpg,8
F:\Practice\train11\87ac8a84-ef89-350b-8108-d03b7ce4934c.jpg,16
F:\Practice\train11\bdcb0228-e80e-3350-b412-11c790185387.jpg,13
F:\Practice\train11\27d691d7-42db-39e8-8543-0effc305a842.jpg,14
F:\Practice\train11\cc8f3215-3031-39ef-8a59-ed7c733d.jpg,8
F:\Practice\train11\0f49a9c1-cede-3387-800c-e600c69d8fc2.jpg,2
F:\Practice\train11\32160d39-f0a9-3e6f-a212-fd30b13a178f.jpg,12
F:\Practice\train11\74479119-b59c-3622-9b58-2dc88d65bc4c.jpg,9
F:\Practice\train11\d6e6992a-d693-3358-a642-9adf593c.jpg,8
F:\Practice\train11\218a53d9-fc36-314b-bc26-d198a506c978.jpg,3
F:\Practice\train11\50883761-ee3b-396b-b0f0-aae241e0610f.jpg,11
F:\Practice\train11\72bb3d42-f6e5-3944-a485-68b7290736f3.jpg,18
F:\Practice\train11\55a424a0-3bf3-3c4e-97bc-8213026b.jpg,0
F:\Practice\train11\e09c069a-3af4-3e1e-a7a0-c715b48663b3.jpg,18
F:\Practice\train11\3642a1d8-1778-3dfc-9195-e59ffcd4.jpg,8
F:\Practice\train11\image455.jpg,17
F:\Practice\train11\d9beac2b-a194-3ff3-9b7e-ce794a7ee138.jpg,14
F:\Practice\train11\5d3df702-05ad-3a59-b052-ebff51f4347e.jpg,2
F:\Practice\train11\d67520ed-28ad-3af2-bc3a-b490cd174fc9.jpg,2
F:\Practice\train11\d4ac51d2-487c-331e-b77f-779851c85ea0.jpg,14
F:\Practice\train11\a7ab1cdc-6384-390b-bf1a-1a9f02ad34bf.jpg,14
F:\Practice\train11\9c572133-3784-3f9c-a931-6161904b88e6.jpg,4
F:\Practice\train11\615f0aed-e877-3302-a222-d26e122a811a.jpg,13
F:\Practice\train11\1f7cefca-6846-349d-a4fd-d7e6e3e299c3.jpg,12
F:\Practice\train11\00bd41d7-a4a7-3d36-96a0-c12c5104f3b8.jpg,11
F:\Practice\train11\1c691e0f-a909-393d-bec4-db275347ebf3.jpg,13
F:\Practice\train11\shenghong_zebra_6b02e400-7337-3d64-a9fa-7aa9511c8b26.jpg,19
F:\Practice\train11\d51b71e3-bb19-3981-af80-33185711.jpg,8
F:\Practice\train11\5225e7d7-cbd2-308a-af25-038de52a.jpg,1
F:\Practice\train11\00ec48dc-bc91-3c62-a6b0-307d621067e9.jpg,4
F:\Practice\train11\c46d570f-90e2-3353-930f-0c46cffb4ad2.jpg,4
F:\Practice\train11\6525638b-2948-3097-acec-91191e44cbb6.jpg,11
F:\Practice\train11\0c367079-895b-3864-90d1-36c41aa2a118.jpg,4
F:\Practice\train11\67df0a11-bb9b-3c8a-b905-91e988201548.jpg,16
F:\Practice\train11\452bd52e-3d70-311a-8fa4-2837326ec08a.jpg,19
F:\Practice\train11\52b9b054-ed90-3449-b71d-892bbdb8ed3d.jpg,12
F:\Practice\train11\ee0bd372-de39-3999-a527-0b96bd17.jpg,8
F:\Practice\train11\b979b314-f149-3ed8-a0f0-a866f57283a6.jpg,13
F:\Practice\train11\528ba2ea-7fac-3b3c-9dc5-f8e27b554fdb.jpg,12
F:\Practice\train11\0c780733-f1d2-37c6-892e-cdbc865e0ee9.jpg,6
F:\Practice\train11\61444f75-a419-3f3e-a29e-2ec640398b74.jpg,3
F:\Practice\train11\b81e6711-ec1d-30d3-89f2-2f9eb0750827.jpg,18
F:\Practice\train11\image77.jpg,17
F:\Practice\train11\eb12eb59-e643-32c3-be48-810c2341.jpg,10
F:\Practice\train11\34639d2e-53a1-3c9d-9d0e-f1771b0f3c32.jpg,15
F:\Practice\train11\dc0c418d-2c8c-307d-b50e-15bfdc30.jpg,8
F:\Practice\train11\95fa774a-b0a9-3315-bc98-12dc806b.jpg,7
F:\Practice\train11\48d9f9de-28cf-3744-b152-404d31b4bdcd.jpg,15
F:\Practice\train11\0500a011-4656-3316-a610-ab00ae620706.jpg,16
F:\Practice\train11\49313b70-930b-318e-9f20-efcee5289399.jpg,12
F:\Practice\train11\3638c804-e7b0-3ce0-bc93-8933a1071ccc.jpg,6
F:\Practice\train11\85c87b6d-1207-3339-95c3-10369eb8.jpg,0
F:\Practice\train11\ce53587c-1931-3972-93c0-fd1fdb211ba6.jpg,11
F:\Practice\train11\a277e422-449d-3788-85bc-550f22d60390.jpg,2
F:\Practice\train11\fox70.jpg,5
F:\Practice\train11\12dd02bc-f248-34ab-9881-2a610d0ba759.jpg,6
F:\Practice\train11\3087b3e8-3c20-3b52-b46b-29bfc68fd9be.jpg,14
F:\Practice\train11\e58d4d90-ce76-339c-a329-6aa6969a6286.jpg,14
F:\Practice\train11\3f5fb4b3-761f-3de7-86d4-8b48056c.jpg,8
F:\Practice\train11\1f74d1d2-d329-3d17-be0d-5939bbeecf9e.jpg,11
F:\Practice\train11\7348c6b6-aff0-3df5-a7fc-783fb485c863.jpg,15
F:\Practice\train11\6b4c41c3-9890-3ee6-88b9-cfeaecabc3c7.jpg,19
F:\Practice\train11\fox162.jpg,5
F:\Practice\train11\fc48a7fc-e864-32b6-9d95-0d6f90a316a0.jpg,3
F:\Practice\train11\18b04ed7-9f1e-3da1-a9a5-a496ea3b07d9.jpg,3
F:\Practice\train11\3a0257ac-e68f-3bce-9523-7c15619559c0.jpg,5
F:\Practice\train11\00787682-83a0-3d36-9a14-31ff1af3.jpg,10
F:\Practice\train11\4ce5a994-3565-3049-a7ce-a6cdd7f6a8ed.jpg,9
F:\Practice\train11\070f7a67-3d4d-329e-8aaf-157246425617.jpg,6
F:\Practice\train11\d2b88fcd-4001-393c-8b6c-0779a53d.jpg,8
F:\Practice\train11\image252.jpg,17
F:\Practice\train11\f0517bc6-fa8f-38ce-bc8c-97d53133.jpg,8
F:\Practice\train11\27710c68-71e5-36bb-bd70-8d209b814c8c.jpg,14
